dataset,category,defect_type,split,label,image_path,mask_path,image_width,image_height,image_area_pixels,defect_area_pixels,defect_area_ratio,defect_area_percent_of_full_image
BTAD,01,ko,test,anomaly,D:\patchcore\data\BTAD\BTech_Dataset_transformed\01\test\ko\0000.bmp,D:\patchcore\data\BTAD\BTech_Dataset_transformed\01\ground_truth\ko\0000.png,1600,1600,2560000,314220,0.1227421875,12.274218750000001
BTAD,01,ko,test,anomaly,D:\patchcore\data\BTAD\BTech_Dataset_transformed\01\test\ko\0001.bmp,D:\patchcore\data\BTAD\BTech_Dataset_transformed\01\ground_truth\ko\0001.png,1600,1600,2560000,189720,0.074109375,7.4109375
BTAD,01,ko,test,anomaly,D:\patchcore\data\BTAD\BTech_Dataset_transformed\01\test\ko\0002.bmp,D:\patchcore\data\BTAD\BTech_Dataset_transformed\01\ground_truth\ko\0002.png,1600,1600,2560000,56625,0.022119140625,2.2119140625
BTAD,01,ko,test,anomaly,D:\patchcore\data\BTAD\BTech_Dataset_transformed\01\test\ko\0003.bmp,D:\patchcore\data\BTAD\BTech_Dataset_transformed\01\ground_truth\ko\0003.png,1600,1600,2560000,3423,0.001337109375,0.1337109375
BTAD,01,ko,test,anomaly,D:\patchcore\data\BTAD\BTech_Dataset_transformed\01\test\ko\0004.bmp,D:\patchcore\data\BTAD\BTech_Dataset_transformed\01\ground_truth\ko\0004.png,1600,1600,2560000,23269,0.009089453125,0.9089453125000001
BTAD,01,ko,test,anomaly,D:\patchcore\data\BTAD\BTech_Dataset_transformed\01\test\ko\0005.bmp,D:\patchcore\data\BTAD\BTech_Dataset_transformed\01\ground_truth\ko\0005.png,1600,1600,2560000,138303,0.054024609375,5.4024609375
BTAD,01,ko,test,anomaly,D:\patchcore\data\BTAD\BTech_Dataset_transformed\01\test\ko\0006.bmp,D:\patchcore\data\BTAD\BTech_Dataset_transformed\01\ground_truth\ko\0006.png,1600,1600,2560000,187325,0.073173828125,7.317382812500001
BTAD,01,ko,test,anomaly,D:\patchcore\data\BTAD\BTech_Dataset_transformed\01\test\ko\0007.bmp,D:\patchcore\data\BTAD\BTech_Dataset_transformed\01\ground_truth\ko\0007.png,1600,1600,2560000,106980,0.0417890625,4.17890625
BTAD,01,ko,test,anomaly,D:\patchcore\data\BTAD\BTech_Dataset_transformed\01\test\ko\0008.bmp,D:\patchcore\data\BTAD\BTech_Dataset_transformed\01\ground_truth\ko\0008.png,1600,1600,2560000,164206,0.06414296875,6.414296875
BTAD,01,ko,test,anomaly,D:\patchcore\data\BTAD\BTech_Dataset_transformed\01\test\ko\0009.bmp,D:\patchcore\data\BTAD\BTech_Dataset_transformed\01\ground_truth\ko\0009.png,1600,1600,2560000,21281,0.008312890625,0.8312890625
BTAD,01,ko,test,anomaly,D:\patchcore\data\BTAD\BTech_Dataset_transformed\01\test\ko\0010.bmp,D:\patchcore\data\BTAD\BTech_Dataset_transformed\01\ground_truth\ko\0010.png,1600,1600,2560000,333046,0.13009609375,13.009609375
BTAD,01,ko,test,anomaly,D:\patchcore\data\BTAD\BTech_Dataset_transformed\01\test\ko\0011.bmp,D:\patchcore\data\BTAD\BTech_Dataset_transformed\01\ground_truth\ko\0011.png,1600,1600,2560000,14385,0.005619140625,0.5619140625
BTAD,01,ko,test,anomaly,D:\patchcore\data\BTAD\BTech_Dataset_transformed\01\test\ko\0012.bmp,D:\patchcore\data\BTAD\BTech_Dataset_transformed\01\ground_truth\ko\0012.png,1600,1600,2560000,60525,0.023642578125,2.3642578125
BTAD,01,ko,test,anomaly,D:\patchcore\data\BTAD\BTech_Dataset_transformed\01\test\ko\0013.bmp,D:\patchcore\data\BTAD\BTech_Dataset_transformed\01\ground_truth\ko\0013.png,1600,1600,2560000,49530,0.01934765625,1.934765625
BTAD,01,ko,test,anomaly,D:\patchcore\data\BTAD\BTech_Dataset_transformed\01\test\ko\0014.bmp,D:\patchcore\data\BTAD\BTech_Dataset_transformed\01\ground_truth\ko\0014.png,1600,1600,2560000,283328,0.110675,11.067499999999999
BTAD,01,ko,test,anomaly,D:\patchcore\data\BTAD\BTech_Dataset_transformed\01\test\ko\0015.bmp,D:\patchcore\data\BTAD\BTech_Dataset_transformed\01\ground_truth\ko\0015.png,1600,1600,2560000,231178,0.09030390625,9.030390624999999
BTAD,01,ko,test,anomaly,D:\patchcore\data\BTAD\BTech_Dataset_transformed\01\test\ko\0016.bmp,D:\patchcore\data\BTAD\BTech_Dataset_transformed\01\ground_truth\ko\0016.png,1600,1600,2560000,329081,0.128547265625,12.8547265625
BTAD,01,ko,test,anomaly,D:\patchcore\data\BTAD\BTech_Dataset_transformed\01\test\ko\0017.bmp,D:\patchcore\data\BTAD\BTech_Dataset_transformed\01\ground_truth\ko\0017.png,1600,1600,2560000,33510,0.01308984375,1.308984375
BTAD,01,ko,test,anomaly,D:\patchcore\data\BTAD\BTech_Dataset_transformed\01\test\ko\0018.bmp,D:\patchcore\data\BTAD\BTech_Dataset_transformed\01\ground_truth\ko\0018.png,1600,1600,2560000,30754,0.01201328125,1.201328125
BTAD,01,ko,test,anomaly,D:\patchcore\data\BTAD\BTech_Dataset_transformed\01\test\ko\0019.bmp,D:\patchcore\data\BTAD\BTech_Dataset_transformed\01\ground_truth\ko\0019.png,1600,1600,2560000,11604,0.0045328125,0.45328125
BTAD,01,ko,test,anomaly,D:\patchcore\data\BTAD\BTech_Dataset_transformed\01\test\ko\0020.bmp,D:\patchcore\data\BTAD\BTech_Dataset_transformed\01\ground_truth\ko\0020.png,1600,1600,2560000,28281,0.011047265625,1.1047265625
BTAD,01,ko,test,anomaly,D:\patchcore\data\BTAD\BTech_Dataset_transformed\01\test\ko\0021.bmp,D:\patchcore\data\BTAD\BTech_Dataset_transformed\01\ground_truth\ko\0021.png,1600,1600,2560000,21267,0.008307421875,0.8307421875000001
BTAD,01,ko,test,anomaly,D:\patchcore\data\BTAD\BTech_Dataset_transformed\01\test\ko\0022.bmp,D:\patchcore\data\BTAD\BTech_Dataset_transformed\01\ground_truth\ko\0022.png,1600,1600,2560000,39622,0.01547734375,1.547734375
BTAD,01,ko,test,anomaly,D:\patchcore\data\BTAD\BTech_Dataset_transformed\01\test\ko\0023.bmp,D:\patchcore\data\BTAD\BTech_Dataset_transformed\01\ground_truth\ko\0023.png,1600,1600,2560000,45636,0.0178265625,1.78265625
BTAD,01,ko,test,anomaly,D:\patchcore\data\BTAD\BTech_Dataset_transformed\01\test\ko\0024.bmp,D:\patchcore\data\BTAD\BTech_Dataset_transformed\01\ground_truth\ko\0024.png,1600,1600,2560000,199852,0.0780671875,7.80671875
BTAD,01,ko,test,anomaly,D:\patchcore\data\BTAD\BTech_Dataset_transformed\01\test\ko\0025.bmp,D:\patchcore\data\BTAD\BTech_Dataset_transformed\01\ground_truth\ko\0025.png,1600,1600,2560000,34388,0.0134328125,1.34328125
BTAD,01,ko,test,anomaly,D:\patchcore\data\BTAD\BTech_Dataset_transformed\01\test\ko\0026.bmp,D:\patchcore\data\BTAD\BTech_Dataset_transformed\01\ground_truth\ko\0026.png,1600,1600,2560000,24113,0.009419140625,0.9419140625000001
BTAD,01,ko,test,anomaly,D:\patchcore\data\BTAD\BTech_Dataset_transformed\01\test\ko\0028.bmp,D:\patchcore\data\BTAD\BTech_Dataset_transformed\01\ground_truth\ko\0028.png,1600,1600,2560000,231648,0.0904875,9.04875
BTAD,01,ko,test,anomaly,D:\patchcore\data\BTAD\BTech_Dataset_transformed\01\test\ko\0029.bmp,D:\patchcore\data\BTAD\BTech_Dataset_transformed\01\ground_truth\ko\0029.png,1600,1600,2560000,79112,0.030903125,3.0903125
BTAD,01,ko,test,anomaly,D:\patchcore\data\BTAD\BTech_Dataset_transformed\01\test\ko\0030.bmp,D:\patchcore\data\BTAD\BTech_Dataset_transformed\01\ground_truth\ko\0030.png,1600,1600,2560000,31496,0.012303125,1.2303125
BTAD,01,ko,test,anomaly,D:\patchcore\data\BTAD\BTech_Dataset_transformed\01\test\ko\0031.bmp,D:\patchcore\data\BTAD\BTech_Dataset_transformed\01\ground_truth\ko\0031.png,1600,1600,2560000,4275,0.001669921875,0.1669921875
BTAD,01,ko,test,anomaly,D:\patchcore\data\BTAD\BTech_Dataset_transformed\01\test\ko\0032.bmp,D:\patchcore\data\BTAD\BTech_Dataset_transformed\01\ground_truth\ko\0032.png,1600,1600,2560000,156017,0.060944140625,6.094414062499999
BTAD,01,ko,test,anomaly,D:\patchcore\data\BTAD\BTech_Dataset_transformed\01\test\ko\0033.bmp,D:\patchcore\data\BTAD\BTech_Dataset_transformed\01\ground_truth\ko\0033.png,1600,1600,2560000,3893,0.001520703125,0.1520703125
BTAD,01,ko,test,anomaly,D:\patchcore\data\BTAD\BTech_Dataset_transformed\01\test\ko\0034.bmp,D:\patchcore\data\BTAD\BTech_Dataset_transformed\01\ground_truth\ko\0034.png,1600,1600,2560000,19264,0.007525,0.7525
BTAD,01,ko,test,anomaly,D:\patchcore\data\BTAD\BTech_Dataset_transformed\01\test\ko\0035.bmp,D:\patchcore\data\BTAD\BTech_Dataset_transformed\01\ground_truth\ko\0035.png,1600,1600,2560000,98003,0.038282421875,3.8282421875
BTAD,01,ko,test,anomaly,D:\patchcore\data\BTAD\BTech_Dataset_transformed\01\test\ko\0036.bmp,D:\patchcore\data\BTAD\BTech_Dataset_transformed\01\ground_truth\ko\0036.png,1600,1600,2560000,349701,0.136601953125,13.6601953125
BTAD,01,ko,test,anomaly,D:\patchcore\data\BTAD\BTech_Dataset_transformed\01\test\ko\0037.bmp,D:\patchcore\data\BTAD\BTech_Dataset_transformed\01\ground_truth\ko\0037.png,1600,1600,2560000,125816,0.049146875,4.9146875
BTAD,01,ko,test,anomaly,D:\patchcore\data\BTAD\BTech_Dataset_transformed\01\test\ko\0038.bmp,D:\patchcore\data\BTAD\BTech_Dataset_transformed\01\ground_truth\ko\0038.png,1600,1600,2560000,8545,0.003337890625,0.3337890625
BTAD,01,ko,test,anomaly,D:\patchcore\data\BTAD\BTech_Dataset_transformed\01\test\ko\0039.bmp,D:\patchcore\data\BTAD\BTech_Dataset_transformed\01\ground_truth\ko\0039.png,1600,1600,2560000,216580,0.0846015625,8.46015625
BTAD,01,ko,test,anomaly,D:\patchcore\data\BTAD\BTech_Dataset_transformed\01\test\ko\0040.bmp,D:\patchcore\data\BTAD\BTech_Dataset_transformed\01\ground_truth\ko\0040.png,1600,1600,2560000,132393,0.051716015625,5.1716015625
BTAD,01,ko,test,anomaly,D:\patchcore\data\BTAD\BTech_Dataset_transformed\01\test\ko\0041.bmp,D:\patchcore\data\BTAD\BTech_Dataset_transformed\01\ground_truth\ko\0041.png,1600,1600,2560000,305095,0.119177734375,11.9177734375
BTAD,01,ko,test,anomaly,D:\patchcore\data\BTAD\BTech_Dataset_transformed\01\test\ko\0042.bmp,D:\patchcore\data\BTAD\BTech_Dataset_transformed\01\ground_truth\ko\0042.png,1600,1600,2560000,4079,0.001593359375,0.1593359375
BTAD,01,ko,test,anomaly,D:\patchcore\data\BTAD\BTech_Dataset_transformed\01\test\ko\0043.bmp,D:\patchcore\data\BTAD\BTech_Dataset_transformed\01\ground_truth\ko\0043.png,1600,1600,2560000,303005,0.118361328125,11.8361328125
BTAD,01,ko,test,anomaly,D:\patchcore\data\BTAD\BTech_Dataset_transformed\01\test\ko\0044.bmp,D:\patchcore\data\BTAD\BTech_Dataset_transformed\01\ground_truth\ko\0044.png,1600,1600,2560000,29907,0.011682421875,1.1682421875
BTAD,01,ko,test,anomaly,D:\patchcore\data\BTAD\BTech_Dataset_transformed\01\test\ko\0045.bmp,D:\patchcore\data\BTAD\BTech_Dataset_transformed\01\ground_truth\ko\0045.png,1600,1600,2560000,11370,0.00444140625,0.444140625
BTAD,01,ko,test,anomaly,D:\patchcore\data\BTAD\BTech_Dataset_transformed\01\test\ko\0046.bmp,D:\patchcore\data\BTAD\BTech_Dataset_transformed\01\ground_truth\ko\0046.png,1600,1600,2560000,2745,0.001072265625,0.10722656250000001
BTAD,01,ko,test,anomaly,D:\patchcore\data\BTAD\BTech_Dataset_transformed\01\test\ko\0047.bmp,D:\patchcore\data\BTAD\BTech_Dataset_transformed\01\ground_truth\ko\0047.png,1600,1600,2560000,215748,0.0842765625,8.42765625
BTAD,01,ko,test,anomaly,D:\patchcore\data\BTAD\BTech_Dataset_transformed\01\test\ko\0048.bmp,D:\patchcore\data\BTAD\BTech_Dataset_transformed\01\ground_truth\ko\0048.png,1600,1600,2560000,237044,0.0925953125,9.25953125
BTAD,01,ko,test,anomaly,D:\patchcore\data\BTAD\BTech_Dataset_transformed\01\test\ko\0049.bmp,D:\patchcore\data\BTAD\BTech_Dataset_transformed\01\ground_truth\ko\0049.png,1600,1600,2560000,294784,0.11515,11.515
BTAD,02,ko,test,anomaly,D:\patchcore\data\BTAD\BTech_Dataset_transformed\02\test\ko\0000.png,D:\patchcore\data\BTAD\BTech_Dataset_transformed\02\ground_truth\ko\0000.png,600,600,360000,133922,0.37200555555555553,37.20055555555555
BTAD,02,ko,test,anomaly,D:\patchcore\data\BTAD\BTech_Dataset_transformed\02\test\ko\0001.png,D:\patchcore\data\BTAD\BTech_Dataset_transformed\02\ground_truth\ko\0001.png,600,600,360000,114346,0.3176277777777778,31.762777777777778
BTAD,02,ko,test,anomaly,D:\patchcore\data\BTAD\BTech_Dataset_transformed\02\test\ko\0002.png,D:\patchcore\data\BTAD\BTech_Dataset_transformed\02\ground_truth\ko\0002.png,600,600,360000,79085,0.21968055555555555,21.968055555555555
BTAD,02,ko,test,anomaly,D:\patchcore\data\BTAD\BTech_Dataset_transformed\02\test\ko\0003.png,D:\patchcore\data\BTAD\BTech_Dataset_transformed\02\ground_truth\ko\0003.png,600,600,360000,10773,0.029925,2.9925
BTAD,02,ko,test,anomaly,D:\patchcore\data\BTAD\BTech_Dataset_transformed\02\test\ko\0004.png,D:\patchcore\data\BTAD\BTech_Dataset_transformed\02\ground_truth\ko\0004.png,600,600,360000,41741,0.11594722222222222,11.594722222222222
BTAD,02,ko,test,anomaly,D:\patchcore\data\BTAD\BTech_Dataset_transformed\02\test\ko\0005.png,D:\patchcore\data\BTAD\BTech_Dataset_transformed\02\ground_truth\ko\0005.png,600,600,360000,134399,0.37333055555555555,37.33305555555555
BTAD,02,ko,test,anomaly,D:\patchcore\data\BTAD\BTech_Dataset_transformed\02\test\ko\0006.png,D:\patchcore\data\BTAD\BTech_Dataset_transformed\02\ground_truth\ko\0006.png,600,600,360000,89569,0.2488027777777778,24.880277777777778
BTAD,02,ko,test,anomaly,D:\patchcore\data\BTAD\BTech_Dataset_transformed\02\test\ko\0007.png,D:\patchcore\data\BTAD\BTech_Dataset_transformed\02\ground_truth\ko\0007.png,600,600,360000,117710,0.3269722222222222,32.69722222222222
BTAD,02,ko,test,anomaly,D:\patchcore\data\BTAD\BTech_Dataset_transformed\02\test\ko\0008.png,D:\patchcore\data\BTAD\BTech_Dataset_transformed\02\ground_truth\ko\0008.png,600,600,360000,77802,0.21611666666666668,21.611666666666668
BTAD,02,ko,test,anomaly,D:\patchcore\data\BTAD\BTech_Dataset_transformed\02\test\ko\0009.png,D:\patchcore\data\BTAD\BTech_Dataset_transformed\02\ground_truth\ko\0009.png,600,600,360000,33462,0.09295,9.295
BTAD,02,ko,test,anomaly,D:\patchcore\data\BTAD\BTech_Dataset_transformed\02\test\ko\0010.png,D:\patchcore\data\BTAD\BTech_Dataset_transformed\02\ground_truth\ko\0010.png,600,600,360000,240220,0.6672777777777777,66.72777777777777
BTAD,02,ko,test,anomaly,D:\patchcore\data\BTAD\BTech_Dataset_transformed\02\test\ko\0011.png,D:\patchcore\data\BTAD\BTech_Dataset_transformed\02\ground_truth\ko\0011.png,600,600,360000,5264,0.014622222222222222,1.4622222222222223
BTAD,02,ko,test,anomaly,D:\patchcore\data\BTAD\BTech_Dataset_transformed\02\test\ko\0012.png,D:\patchcore\data\BTAD\BTech_Dataset_transformed\02\ground_truth\ko\0012.png,600,600,360000,23096,0.06415555555555555,6.415555555555555
BTAD,02,ko,test,anomaly,D:\patchcore\data\BTAD\BTech_Dataset_transformed\02\test\ko\0013.png,D:\patchcore\data\BTAD\BTech_Dataset_transformed\02\ground_truth\ko\0013.png,600,600,360000,30327,0.08424166666666667,8.424166666666668
BTAD,02,ko,test,anomaly,D:\patchcore\data\BTAD\BTech_Dataset_transformed\02\test\ko\0014.png,D:\patchcore\data\BTAD\BTech_Dataset_transformed\02\ground_truth\ko\0014.png,600,600,360000,125258,0.3479388888888889,34.793888888888894
BTAD,02,ko,test,anomaly,D:\patchcore\data\BTAD\BTech_Dataset_transformed\02\test\ko\0015.png,D:\patchcore\data\BTAD\BTech_Dataset_transformed\02\ground_truth\ko\0015.png,600,600,360000,100901,0.28028055555555553,28.028055555555554
BTAD,02,ko,test,anomaly,D:\patchcore\data\BTAD\BTech_Dataset_transformed\02\test\ko\0016.png,D:\patchcore\data\BTAD\BTech_Dataset_transformed\02\ground_truth\ko\0016.png,600,600,360000,121222,0.3367277777777778,33.67277777777778
BTAD,02,ko,test,anomaly,D:\patchcore\data\BTAD\BTech_Dataset_transformed\02\test\ko\0017.png,D:\patchcore\data\BTAD\BTech_Dataset_transformed\02\ground_truth\ko\0017.png,600,600,360000,30951,0.085975,8.5975
BTAD,02,ko,test,anomaly,D:\patchcore\data\BTAD\BTech_Dataset_transformed\02\test\ko\0018.png,D:\patchcore\data\BTAD\BTech_Dataset_transformed\02\ground_truth\ko\0018.png,600,600,360000,20997,0.058325,5.8325000000000005
BTAD,02,ko,test,anomaly,D:\patchcore\data\BTAD\BTech_Dataset_transformed\02\test\ko\0019.png,D:\patchcore\data\BTAD\BTech_Dataset_transformed\02\ground_truth\ko\0019.png,600,600,360000,5394,0.014983333333333333,1.4983333333333333
BTAD,02,ko,test,anomaly,D:\patchcore\data\BTAD\BTech_Dataset_transformed\02\test\ko\0020.png,D:\patchcore\data\BTAD\BTech_Dataset_transformed\02\ground_truth\ko\0020.png,600,600,360000,12456,0.0346,3.46
BTAD,02,ko,test,anomaly,D:\patchcore\data\BTAD\BTech_Dataset_transformed\02\test\ko\0021.png,D:\patchcore\data\BTAD\BTech_Dataset_transformed\02\ground_truth\ko\0021.png,600,600,360000,14083,0.03911944444444444,3.9119444444444444
BTAD,02,ko,test,anomaly,D:\patchcore\data\BTAD\BTech_Dataset_transformed\02\test\ko\0022.png,D:\patchcore\data\BTAD\BTech_Dataset_transformed\02\ground_truth\ko\0022.png,600,600,360000,18372,0.05103333333333333,5.1033333333333335
BTAD,02,ko,test,anomaly,D:\patchcore\data\BTAD\BTech_Dataset_transformed\02\test\ko\0023.png,D:\patchcore\data\BTAD\BTech_Dataset_transformed\02\ground_truth\ko\0023.png,600,600,360000,34991,0.09719722222222223,9.719722222222222
BTAD,02,ko,test,anomaly,D:\patchcore\data\BTAD\BTech_Dataset_transformed\02\test\ko\0024.png,D:\patchcore\data\BTAD\BTech_Dataset_transformed\02\ground_truth\ko\0024.png,600,600,360000,89987,0.2499638888888889,24.99638888888889
BTAD,02,ko,test,anomaly,D:\patchcore\data\BTAD\BTech_Dataset_transformed\02\test\ko\0025.png,D:\patchcore\data\BTAD\BTech_Dataset_transformed\02\ground_truth\ko\0025.png,600,600,360000,31469,0.08741388888888889,8.741388888888888
BTAD,02,ko,test,anomaly,D:\patchcore\data\BTAD\BTech_Dataset_transformed\02\test\ko\0026.png,D:\patchcore\data\BTAD\BTech_Dataset_transformed\02\ground_truth\ko\0026.png,600,600,360000,15347,0.042630555555555553,4.263055555555555
BTAD,02,ko,test,anomaly,D:\patchcore\data\BTAD\BTech_Dataset_transformed\02\test\ko\0027.png,D:\patchcore\data\BTAD\BTech_Dataset_transformed\02\ground_truth\ko\0027.png,600,600,360000,676,0.0018777777777777777,0.18777777777777777
BTAD,02,ko,test,anomaly,D:\patchcore\data\BTAD\BTech_Dataset_transformed\02\test\ko\0028.png,D:\patchcore\data\BTAD\BTech_Dataset_transformed\02\ground_truth\ko\0028.png,600,600,360000,86003,0.23889722222222223,23.889722222222222
BTAD,02,ko,test,anomaly,D:\patchcore\data\BTAD\BTech_Dataset_transformed\02\test\ko\0029.png,D:\patchcore\data\BTAD\BTech_Dataset_transformed\02\ground_truth\ko\0029.png,600,600,360000,33291,0.092475,9.2475
BTAD,02,ko,test,anomaly,D:\patchcore\data\BTAD\BTech_Dataset_transformed\02\test\ko\0030.png,D:\patchcore\data\BTAD\BTech_Dataset_transformed\02\ground_truth\ko\0030.png,600,600,360000,17516,0.048655555555555556,4.865555555555556
BTAD,02,ko,test,anomaly,D:\patchcore\data\BTAD\BTech_Dataset_transformed\02\test\ko\0031.png,D:\patchcore\data\BTAD\BTech_Dataset_transformed\02\ground_truth\ko\0031.png,600,600,360000,2290,0.006361111111111111,0.6361111111111111
BTAD,02,ko,test,anomaly,D:\patchcore\data\BTAD\BTech_Dataset_transformed\02\test\ko\0032.png,D:\patchcore\data\BTAD\BTech_Dataset_transformed\02\ground_truth\ko\0032.png,600,600,360000,64202,0.17833888888888888,17.83388888888889
BTAD,02,ko,test,anomaly,D:\patchcore\data\BTAD\BTech_Dataset_transformed\02\test\ko\0033.png,D:\patchcore\data\BTAD\BTech_Dataset_transformed\02\ground_truth\ko\0033.png,600,600,360000,2599,0.007219444444444444,0.7219444444444444
BTAD,02,ko,test,anomaly,D:\patchcore\data\BTAD\BTech_Dataset_transformed\02\test\ko\0034.png,D:\patchcore\data\BTAD\BTech_Dataset_transformed\02\ground_truth\ko\0034.png,600,600,360000,9331,0.025919444444444443,2.591944444444444
BTAD,02,ko,test,anomaly,D:\patchcore\data\BTAD\BTech_Dataset_transformed\02\test\ko\0035.png,D:\patchcore\data\BTAD\BTech_Dataset_transformed\02\ground_truth\ko\0035.png,600,600,360000,46661,0.1296138888888889,12.961388888888889
BTAD,02,ko,test,anomaly,D:\patchcore\data\BTAD\BTech_Dataset_transformed\02\test\ko\0036.png,D:\patchcore\data\BTAD\BTech_Dataset_transformed\02\ground_truth\ko\0036.png,600,600,360000,110119,0.30588611111111114,30.588611111111113
BTAD,02,ko,test,anomaly,D:\patchcore\data\BTAD\BTech_Dataset_transformed\02\test\ko\0037.png,D:\patchcore\data\BTAD\BTech_Dataset_transformed\02\ground_truth\ko\0037.png,600,600,360000,54141,0.15039166666666667,15.039166666666667
BTAD,02,ko,test,anomaly,D:\patchcore\data\BTAD\BTech_Dataset_transformed\02\test\ko\0038.png,D:\patchcore\data\BTAD\BTech_Dataset_transformed\02\ground_truth\ko\0038.png,600,600,360000,29361,0.08155833333333333,8.155833333333334
BTAD,02,ko,test,anomaly,D:\patchcore\data\BTAD\BTech_Dataset_transformed\02\test\ko\0039.png,D:\patchcore\data\BTAD\BTech_Dataset_transformed\02\ground_truth\ko\0039.png,600,600,360000,40862,0.11350555555555555,11.350555555555555
BTAD,02,ko,test,anomaly,D:\patchcore\data\BTAD\BTech_Dataset_transformed\02\test\ko\0040.png,D:\patchcore\data\BTAD\BTech_Dataset_transformed\02\ground_truth\ko\0040.png,600,600,360000,51148,0.14207777777777778,14.207777777777778
BTAD,02,ko,test,anomaly,D:\patchcore\data\BTAD\BTech_Dataset_transformed\02\test\ko\0041.png,D:\patchcore\data\BTAD\BTech_Dataset_transformed\02\ground_truth\ko\0041.png,600,600,360000,35771,0.09936388888888889,9.936388888888889
BTAD,02,ko,test,anomaly,D:\patchcore\data\BTAD\BTech_Dataset_transformed\02\test\ko\0042.png,D:\patchcore\data\BTAD\BTech_Dataset_transformed\02\ground_truth\ko\0042.png,600,600,360000,1257,0.003491666666666667,0.3491666666666667
BTAD,02,ko,test,anomaly,D:\patchcore\data\BTAD\BTech_Dataset_transformed\02\test\ko\0043.png,D:\patchcore\data\BTAD\BTech_Dataset_transformed\02\ground_truth\ko\0043.png,600,600,360000,27188,0.07552222222222223,7.552222222222222
BTAD,02,ko,test,anomaly,D:\patchcore\data\BTAD\BTech_Dataset_transformed\02\test\ko\0044.png,D:\patchcore\data\BTAD\BTech_Dataset_transformed\02\ground_truth\ko\0044.png,600,600,360000,29270,0.08130555555555556,8.130555555555556
BTAD,02,ko,test,anomaly,D:\patchcore\data\BTAD\BTech_Dataset_transformed\02\test\ko\0045.png,D:\patchcore\data\BTAD\BTech_Dataset_transformed\02\ground_truth\ko\0045.png,600,600,360000,93162,0.2587833333333333,25.87833333333333
BTAD,02,ko,test,anomaly,D:\patchcore\data\BTAD\BTech_Dataset_transformed\02\test\ko\0046.png,D:\patchcore\data\BTAD\BTech_Dataset_transformed\02\ground_truth\ko\0046.png,600,600,360000,98282,0.27300555555555556,27.300555555555555
BTAD,02,ko,test,anomaly,D:\patchcore\data\BTAD\BTech_Dataset_transformed\02\test\ko\0047.png,D:\patchcore\data\BTAD\BTech_Dataset_transformed\02\ground_truth\ko\0047.png,600,600,360000,113435,0.3150972222222222,31.50972222222222
BTAD,02,ko,test,anomaly,D:\patchcore\data\BTAD\BTech_Dataset_transformed\02\test\ko\0048.png,D:\patchcore\data\BTAD\BTech_Dataset_transformed\02\ground_truth\ko\0048.png,600,600,360000,24148,0.06707777777777778,6.707777777777777
BTAD,02,ko,test,anomaly,D:\patchcore\data\BTAD\BTech_Dataset_transformed\02\test\ko\0049.png,D:\patchcore\data\BTAD\BTech_Dataset_transformed\02\ground_truth\ko\0049.png,600,600,360000,47696,0.13248888888888888,13.248888888888889
BTAD,02,ko,test,anomaly,D:\patchcore\data\BTAD\BTech_Dataset_transformed\02\test\ko\0050.png,D:\patchcore\data\BTAD\BTech_Dataset_transformed\02\ground_truth\ko\0050.png,600,600,360000,70124,0.1947888888888889,19.47888888888889
BTAD,02,ko,test,anomaly,D:\patchcore\data\BTAD\BTech_Dataset_transformed\02\test\ko\0051.png,D:\patchcore\data\BTAD\BTech_Dataset_transformed\02\ground_truth\ko\0051.png,600,600,360000,49932,0.1387,13.87
BTAD,02,ko,test,anomaly,D:\patchcore\data\BTAD\BTech_Dataset_transformed\02\test\ko\0052.png,D:\patchcore\data\BTAD\BTech_Dataset_transformed\02\ground_truth\ko\0052.png,600,600,360000,51907,0.1441861111111111,14.41861111111111
BTAD,02,ko,test,anomaly,D:\patchcore\data\BTAD\BTech_Dataset_transformed\02\test\ko\0053.png,D:\patchcore\data\BTAD\BTech_Dataset_transformed\02\ground_truth\ko\0053.png,600,600,360000,16023,0.04450833333333333,4.450833333333333
BTAD,02,ko,test,anomaly,D:\patchcore\data\BTAD\BTech_Dataset_transformed\02\test\ko\0054.png,D:\patchcore\data\BTAD\BTech_Dataset_transformed\02\ground_truth\ko\0054.png,600,600,360000,9043,0.025119444444444444,2.5119444444444445
BTAD,02,ko,test,anomaly,D:\patchcore\data\BTAD\BTech_Dataset_transformed\02\test\ko\0055.png,D:\patchcore\data\BTAD\BTech_Dataset_transformed\02\ground_truth\ko\0055.png,600,600,360000,14367,0.03990833333333333,3.9908333333333332
BTAD,02,ko,test,anomaly,D:\patchcore\data\BTAD\BTech_Dataset_transformed\02\test\ko\0056.png,D:\patchcore\data\BTAD\BTech_Dataset_transformed\02\ground_truth\ko\0056.png,600,600,360000,20435,0.05676388888888889,5.676388888888889
BTAD,02,ko,test,anomaly,D:\patchcore\data\BTAD\BTech_Dataset_transformed\02\test\ko\0057.png,D:\patchcore\data\BTAD\BTech_Dataset_transformed\02\ground_truth\ko\0057.png,600,600,360000,24173,0.06714722222222222,6.714722222222222
BTAD,02,ko,test,anomaly,D:\patchcore\data\BTAD\BTech_Dataset_transformed\02\test\ko\0058.png,D:\patchcore\data\BTAD\BTech_Dataset_transformed\02\ground_truth\ko\0058.png,600,600,360000,112094,0.3113722222222222,31.13722222222222
BTAD,02,ko,test,anomaly,D:\patchcore\data\BTAD\BTech_Dataset_transformed\02\test\ko\0059.png,D:\patchcore\data\BTAD\BTech_Dataset_transformed\02\ground_truth\ko\0059.png,600,600,360000,14490,0.04025,4.025
BTAD,02,ko,test,anomaly,D:\patchcore\data\BTAD\BTech_Dataset_transformed\02\test\ko\0060.png,D:\patchcore\data\BTAD\BTech_Dataset_transformed\02\ground_truth\ko\0060.png,600,600,360000,25459,0.07071944444444445,7.071944444444444
BTAD,02,ko,test,anomaly,D:\patchcore\data\BTAD\BTech_Dataset_transformed\02\test\ko\0061.png,D:\patchcore\data\BTAD\BTech_Dataset_transformed\02\ground_truth\ko\0061.png,600,600,360000,67525,0.18756944444444446,18.756944444444446
BTAD,02,ko,test,anomaly,D:\patchcore\data\BTAD\BTech_Dataset_transformed\02\test\ko\0062.png,D:\patchcore\data\BTAD\BTech_Dataset_transformed\02\ground_truth\ko\0062.png,600,600,360000,41756,0.11598888888888889,11.598888888888888
BTAD,02,ko,test,anomaly,D:\patchcore\data\BTAD\BTech_Dataset_transformed\02\test\ko\0063.png,D:\patchcore\data\BTAD\BTech_Dataset_transformed\02\ground_truth\ko\0063.png,600,600,360000,94787,0.26329722222222224,26.329722222222223
BTAD,02,ko,test,anomaly,D:\patchcore\data\BTAD\BTech_Dataset_transformed\02\test\ko\0064.png,D:\patchcore\data\BTAD\BTech_Dataset_transformed\02\ground_truth\ko\0064.png,600,600,360000,35044,0.09734444444444444,9.734444444444444
BTAD,02,ko,test,anomaly,D:\patchcore\data\BTAD\BTech_Dataset_transformed\02\test\ko\0065.png,D:\patchcore\data\BTAD\BTech_Dataset_transformed\02\ground_truth\ko\0065.png,600,600,360000,12075,0.033541666666666664,3.3541666666666665
BTAD,02,ko,test,anomaly,D:\patchcore\data\BTAD\BTech_Dataset_transformed\02\test\ko\0066.png,D:\patchcore\data\BTAD\BTech_Dataset_transformed\02\ground_truth\ko\0066.png,600,600,360000,12393,0.034425,3.4425
BTAD,02,ko,test,anomaly,D:\patchcore\data\BTAD\BTech_Dataset_transformed\02\test\ko\0067.png,D:\patchcore\data\BTAD\BTech_Dataset_transformed\02\ground_truth\ko\0067.png,600,600,360000,34873,0.09686944444444444,9.686944444444444
BTAD,02,ko,test,anomaly,D:\patchcore\data\BTAD\BTech_Dataset_transformed\02\test\ko\0068.png,D:\patchcore\data\BTAD\BTech_Dataset_transformed\02\ground_truth\ko\0068.png,600,600,360000,18769,0.05213611111111111,5.213611111111112
BTAD,02,ko,test,anomaly,D:\patchcore\data\BTAD\BTech_Dataset_transformed\02\test\ko\0069.png,D:\patchcore\data\BTAD\BTech_Dataset_transformed\02\ground_truth\ko\0069.png,600,600,360000,45018,0.12505,12.504999999999999
BTAD,02,ko,test,anomaly,D:\patchcore\data\BTAD\BTech_Dataset_transformed\02\test\ko\0070.png,D:\patchcore\data\BTAD\BTech_Dataset_transformed\02\ground_truth\ko\0070.png,600,600,360000,1420,0.003944444444444445,0.3944444444444445
BTAD,02,ko,test,anomaly,D:\patchcore\data\BTAD\BTech_Dataset_transformed\02\test\ko\0071.png,D:\patchcore\data\BTAD\BTech_Dataset_transformed\02\ground_truth\ko\0071.png,600,600,360000,2395,0.006652777777777777,0.6652777777777777
BTAD,02,ko,test,anomaly,D:\patchcore\data\BTAD\BTech_Dataset_transformed\02\test\ko\0072.png,D:\patchcore\data\BTAD\BTech_Dataset_transformed\02\ground_truth\ko\0072.png,600,600,360000,29698,0.08249444444444444,8.249444444444444
BTAD,02,ko,test,anomaly,D:\patchcore\data\BTAD\BTech_Dataset_transformed\02\test\ko\0073.png,D:\patchcore\data\BTAD\BTech_Dataset_transformed\02\ground_truth\ko\0073.png,600,600,360000,1856,0.005155555555555556,0.5155555555555555
BTAD,02,ko,test,anomaly,D:\patchcore\data\BTAD\BTech_Dataset_transformed\02\test\ko\0074.png,D:\patchcore\data\BTAD\BTech_Dataset_transformed\02\ground_truth\ko\0074.png,600,600,360000,1277,0.003547222222222222,0.3547222222222222
BTAD,02,ko,test,anomaly,D:\patchcore\data\BTAD\BTech_Dataset_transformed\02\test\ko\0075.png,D:\patchcore\data\BTAD\BTech_Dataset_transformed\02\ground_truth\ko\0075.png,600,600,360000,101256,0.28126666666666666,28.126666666666665
BTAD,02,ko,test,anomaly,D:\patchcore\data\BTAD\BTech_Dataset_transformed\02\test\ko\0076.png,D:\patchcore\data\BTAD\BTech_Dataset_transformed\02\ground_truth\ko\0076.png,600,600,360000,15544,0.04317777777777778,4.317777777777778
BTAD,02,ko,test,anomaly,D:\patchcore\data\BTAD\BTech_Dataset_transformed\02\test\ko\0077.png,D:\patchcore\data\BTAD\BTech_Dataset_transformed\02\ground_truth\ko\0077.png,600,600,360000,73599,0.20444166666666666,20.444166666666668
BTAD,02,ko,test,anomaly,D:\patchcore\data\BTAD\BTech_Dataset_transformed\02\test\ko\0078.png,D:\patchcore\data\BTAD\BTech_Dataset_transformed\02\ground_truth\ko\0078.png,600,600,360000,40971,0.11380833333333333,11.380833333333333
BTAD,02,ko,test,anomaly,D:\patchcore\data\BTAD\BTech_Dataset_transformed\02\test\ko\0079.png,D:\patchcore\data\BTAD\BTech_Dataset_transformed\02\ground_truth\ko\0079.png,600,600,360000,43665,0.12129166666666667,12.129166666666666
BTAD,02,ko,test,anomaly,D:\patchcore\data\BTAD\BTech_Dataset_transformed\02\test\ko\0080.png,D:\patchcore\data\BTAD\BTech_Dataset_transformed\02\ground_truth\ko\0080.png,600,600,360000,4796,0.013322222222222221,1.3322222222222222
BTAD,02,ko,test,anomaly,D:\patchcore\data\BTAD\BTech_Dataset_transformed\02\test\ko\0081.png,D:\patchcore\data\BTAD\BTech_Dataset_transformed\02\ground_truth\ko\0081.png,600,600,360000,1514,0.004205555555555555,0.4205555555555555
BTAD,02,ko,test,anomaly,D:\patchcore\data\BTAD\BTech_Dataset_transformed\02\test\ko\0082.png,D:\patchcore\data\BTAD\BTech_Dataset_transformed\02\ground_truth\ko\0082.png,600,600,360000,605,0.0016805555555555556,0.16805555555555557
BTAD,02,ko,test,anomaly,D:\patchcore\data\BTAD\BTech_Dataset_transformed\02\test\ko\0083.png,D:\patchcore\data\BTAD\BTech_Dataset_transformed\02\ground_truth\ko\0083.png,600,600,360000,761,0.0021138888888888887,0.21138888888888888
BTAD,02,ko,test,anomaly,D:\patchcore\data\BTAD\BTech_Dataset_transformed\02\test\ko\0084.png,D:\patchcore\data\BTAD\BTech_Dataset_transformed\02\ground_truth\ko\0084.png,600,600,360000,268,0.0007444444444444445,0.07444444444444445
BTAD,02,ko,test,anomaly,D:\patchcore\data\BTAD\BTech_Dataset_transformed\02\test\ko\0085.png,D:\patchcore\data\BTAD\BTech_Dataset_transformed\02\ground_truth\ko\0085.png,600,600,360000,2345,0.0065138888888888885,0.6513888888888888
BTAD,02,ko,test,anomaly,D:\patchcore\data\BTAD\BTech_Dataset_transformed\02\test\ko\0086.png,D:\patchcore\data\BTAD\BTech_Dataset_transformed\02\ground_truth\ko\0086.png,600,600,360000,434,0.0012055555555555556,0.12055555555555557
BTAD,02,ko,test,anomaly,D:\patchcore\data\BTAD\BTech_Dataset_transformed\02\test\ko\0087.png,D:\patchcore\data\BTAD\BTech_Dataset_transformed\02\ground_truth\ko\0087.png,600,600,360000,14511,0.040308333333333335,4.030833333333334
BTAD,02,ko,test,anomaly,D:\patchcore\data\BTAD\BTech_Dataset_transformed\02\test\ko\0088.png,D:\patchcore\data\BTAD\BTech_Dataset_transformed\02\ground_truth\ko\0088.png,600,600,360000,354,0.0009833333333333332,0.09833333333333333
BTAD,02,ko,test,anomaly,D:\patchcore\data\BTAD\BTech_Dataset_transformed\02\test\ko\0089.png,D:\patchcore\data\BTAD\BTech_Dataset_transformed\02\ground_truth\ko\0089.png,600,600,360000,274,0.0007611111111111111,0.0761111111111111
BTAD,02,ko,test,anomaly,D:\patchcore\data\BTAD\BTech_Dataset_transformed\02\test\ko\0090.png,D:\patchcore\data\BTAD\BTech_Dataset_transformed\02\ground_truth\ko\0090.png,600,600,360000,440,0.0012222222222222222,0.12222222222222222
BTAD,02,ko,test,anomaly,D:\patchcore\data\BTAD\BTech_Dataset_transformed\02\test\ko\0091.png,D:\patchcore\data\BTAD\BTech_Dataset_transformed\02\ground_truth\ko\0091.png,600,600,360000,896,0.002488888888888889,0.2488888888888889
BTAD,02,ko,test,anomaly,D:\patchcore\data\BTAD\BTech_Dataset_transformed\02\test\ko\0092.png,D:\patchcore\data\BTAD\BTech_Dataset_transformed\02\ground_truth\ko\0092.png,600,600,360000,417,0.0011583333333333333,0.11583333333333333
BTAD,02,ko,test,anomaly,D:\patchcore\data\BTAD\BTech_Dataset_transformed\02\test\ko\0093.png,D:\patchcore\data\BTAD\BTech_Dataset_transformed\02\ground_truth\ko\0093.png,600,600,360000,721,0.002002777777777778,0.20027777777777778
BTAD,02,ko,test,anomaly,D:\patchcore\data\BTAD\BTech_Dataset_transformed\02\test\ko\0094.png,D:\patchcore\data\BTAD\BTech_Dataset_transformed\02\ground_truth\ko\0094.png,600,600,360000,2134,0.0059277777777777775,0.5927777777777777
BTAD,02,ko,test,anomaly,D:\patchcore\data\BTAD\BTech_Dataset_transformed\02\test\ko\0095.png,D:\patchcore\data\BTAD\BTech_Dataset_transformed\02\ground_truth\ko\0095.png,600,600,360000,236,0.0006555555555555556,0.06555555555555556
BTAD,02,ko,test,anomaly,D:\patchcore\data\BTAD\BTech_Dataset_transformed\02\test\ko\0096.png,D:\patchcore\data\BTAD\BTech_Dataset_transformed\02\ground_truth\ko\0096.png,600,600,360000,1032,0.0028666666666666667,0.2866666666666667
BTAD,02,ko,test,anomaly,D:\patchcore\data\BTAD\BTech_Dataset_transformed\02\test\ko\0097.png,D:\patchcore\data\BTAD\BTech_Dataset_transformed\02\ground_truth\ko\0097.png,600,600,360000,374,0.0010388888888888889,0.10388888888888889
BTAD,02,ko,test,anomaly,D:\patchcore\data\BTAD\BTech_Dataset_transformed\02\test\ko\0098.png,D:\patchcore\data\BTAD\BTech_Dataset_transformed\02\ground_truth\ko\0098.png,600,600,360000,278,0.0007722222222222222,0.07722222222222222
BTAD,02,ko,test,anomaly,D:\patchcore\data\BTAD\BTech_Dataset_transformed\02\test\ko\0099.png,D:\patchcore\data\BTAD\BTech_Dataset_transformed\02\ground_truth\ko\0099.png,600,600,360000,398,0.0011055555555555556,0.11055555555555556
BTAD,02,ko,test,anomaly,D:\patchcore\data\BTAD\BTech_Dataset_transformed\02\test\ko\0100.png,D:\patchcore\data\BTAD\BTech_Dataset_transformed\02\ground_truth\ko\0100.png,600,600,360000,406,0.0011277777777777777,0.11277777777777777
BTAD,02,ko,test,anomaly,D:\patchcore\data\BTAD\BTech_Dataset_transformed\02\test\ko\0101.png,D:\patchcore\data\BTAD\BTech_Dataset_transformed\02\ground_truth\ko\0101.png,600,600,360000,594,0.00165,0.165
BTAD,02,ko,test,anomaly,D:\patchcore\data\BTAD\BTech_Dataset_transformed\02\test\ko\0102.png,D:\patchcore\data\BTAD\BTech_Dataset_transformed\02\ground_truth\ko\0102.png,600,600,360000,1095,0.0030416666666666665,0.30416666666666664
BTAD,02,ko,test,anomaly,D:\patchcore\data\BTAD\BTech_Dataset_transformed\02\test\ko\0103.png,D:\patchcore\data\BTAD\BTech_Dataset_transformed\02\ground_truth\ko\0103.png,600,600,360000,749,0.0020805555555555555,0.20805555555555555
BTAD,02,ko,test,anomaly,D:\patchcore\data\BTAD\BTech_Dataset_transformed\02\test\ko\0104.png,D:\patchcore\data\BTAD\BTech_Dataset_transformed\02\ground_truth\ko\0104.png,600,600,360000,640,0.0017777777777777779,0.17777777777777778
BTAD,02,ko,test,anomaly,D:\patchcore\data\BTAD\BTech_Dataset_transformed\02\test\ko\0105.png,D:\patchcore\data\BTAD\BTech_Dataset_transformed\02\ground_truth\ko\0105.png,600,600,360000,1597,0.004436111111111111,0.4436111111111111
BTAD,02,ko,test,anomaly,D:\patchcore\data\BTAD\BTech_Dataset_transformed\02\test\ko\0106.png,D:\patchcore\data\BTAD\BTech_Dataset_transformed\02\ground_truth\ko\0106.png,600,600,360000,2487,0.006908333333333333,0.6908333333333333
BTAD,02,ko,test,anomaly,D:\patchcore\data\BTAD\BTech_Dataset_transformed\02\test\ko\0107.png,D:\patchcore\data\BTAD\BTech_Dataset_transformed\02\ground_truth\ko\0107.png,600,600,360000,1420,0.003944444444444445,0.3944444444444445
BTAD,02,ko,test,anomaly,D:\patchcore\data\BTAD\BTech_Dataset_transformed\02\test\ko\0108.png,D:\patchcore\data\BTAD\BTech_Dataset_transformed\02\ground_truth\ko\0108.png,600,600,360000,1001,0.0027805555555555556,0.27805555555555556
BTAD,02,ko,test,anomaly,D:\patchcore\data\BTAD\BTech_Dataset_transformed\02\test\ko\0109.png,D:\patchcore\data\BTAD\BTech_Dataset_transformed\02\ground_truth\ko\0109.png,600,600,360000,399,0.0011083333333333333,0.11083333333333334
BTAD,02,ko,test,anomaly,D:\patchcore\data\BTAD\BTech_Dataset_transformed\02\test\ko\0110.png,D:\patchcore\data\BTAD\BTech_Dataset_transformed\02\ground_truth\ko\0110.png,600,600,360000,8684,0.024122222222222222,2.4122222222222223
BTAD,02,ko,test,anomaly,D:\patchcore\data\BTAD\BTech_Dataset_transformed\02\test\ko\0111.png,D:\patchcore\data\BTAD\BTech_Dataset_transformed\02\ground_truth\ko\0111.png,600,600,360000,426,0.0011833333333333333,0.11833333333333333
BTAD,02,ko,test,anomaly,D:\patchcore\data\BTAD\BTech_Dataset_transformed\02\test\ko\0112.png,D:\patchcore\data\BTAD\BTech_Dataset_transformed\02\ground_truth\ko\0112.png,600,600,360000,277,0.0007694444444444445,0.07694444444444444
BTAD,02,ko,test,anomaly,D:\patchcore\data\BTAD\BTech_Dataset_transformed\02\test\ko\0113.png,D:\patchcore\data\BTAD\BTech_Dataset_transformed\02\ground_truth\ko\0113.png,600,600,360000,554,0.001538888888888889,0.15388888888888888
BTAD,02,ko,test,anomaly,D:\patchcore\data\BTAD\BTech_Dataset_transformed\02\test\ko\0114.png,D:\patchcore\data\BTAD\BTech_Dataset_transformed\02\ground_truth\ko\0114.png,600,600,360000,2127,0.005908333333333333,0.5908333333333333
BTAD,02,ko,test,anomaly,D:\patchcore\data\BTAD\BTech_Dataset_transformed\02\test\ko\0115.png,D:\patchcore\data\BTAD\BTech_Dataset_transformed\02\ground_truth\ko\0115.png,600,600,360000,310,0.0008611111111111111,0.08611111111111111
BTAD,02,ko,test,anomaly,D:\patchcore\data\BTAD\BTech_Dataset_transformed\02\test\ko\0116.png,D:\patchcore\data\BTAD\BTech_Dataset_transformed\02\ground_truth\ko\0116.png,600,600,360000,364,0.001011111111111111,0.10111111111111111
BTAD,02,ko,test,anomaly,D:\patchcore\data\BTAD\BTech_Dataset_transformed\02\test\ko\0117.png,D:\patchcore\data\BTAD\BTech_Dataset_transformed\02\ground_truth\ko\0117.png,600,600,360000,699,0.0019416666666666666,0.19416666666666665
BTAD,02,ko,test,anomaly,D:\patchcore\data\BTAD\BTech_Dataset_transformed\02\test\ko\0118.png,D:\patchcore\data\BTAD\BTech_Dataset_transformed\02\ground_truth\ko\0118.png,600,600,360000,320,0.0008888888888888889,0.08888888888888889
BTAD,02,ko,test,anomaly,D:\patchcore\data\BTAD\BTech_Dataset_transformed\02\test\ko\0119.png,D:\patchcore\data\BTAD\BTech_Dataset_transformed\02\ground_truth\ko\0119.png,600,600,360000,224,0.0006222222222222223,0.06222222222222223
BTAD,02,ko,test,anomaly,D:\patchcore\data\BTAD\BTech_Dataset_transformed\02\test\ko\0120.png,D:\patchcore\data\BTAD\BTech_Dataset_transformed\02\ground_truth\ko\0120.png,600,600,360000,258,0.0007166666666666667,0.07166666666666667
BTAD,02,ko,test,anomaly,D:\patchcore\data\BTAD\BTech_Dataset_transformed\02\test\ko\0121.png,D:\patchcore\data\BTAD\BTech_Dataset_transformed\02\ground_truth\ko\0121.png,600,600,360000,2467,0.006852777777777778,0.6852777777777778
BTAD,02,ko,test,anomaly,D:\patchcore\data\BTAD\BTech_Dataset_transformed\02\test\ko\0122.png,D:\patchcore\data\BTAD\BTech_Dataset_transformed\02\ground_truth\ko\0122.png,600,600,360000,338,0.0009388888888888888,0.09388888888888888
BTAD,02,ko,test,anomaly,D:\patchcore\data\BTAD\BTech_Dataset_transformed\02\test\ko\0123.png,D:\patchcore\data\BTAD\BTech_Dataset_transformed\02\ground_truth\ko\0123.png,600,600,360000,224,0.0006222222222222223,0.06222222222222223
BTAD,02,ko,test,anomaly,D:\patchcore\data\BTAD\BTech_Dataset_transformed\02\test\ko\0124.png,D:\patchcore\data\BTAD\BTech_Dataset_transformed\02\ground_truth\ko\0124.png,600,600,360000,1624,0.004511111111111111,0.4511111111111111
BTAD,02,ko,test,anomaly,D:\patchcore\data\BTAD\BTech_Dataset_transformed\02\test\ko\0125.png,D:\patchcore\data\BTAD\BTech_Dataset_transformed\02\ground_truth\ko\0125.png,600,600,360000,308,0.0008555555555555556,0.08555555555555555
BTAD,02,ko,test,anomaly,D:\patchcore\data\BTAD\BTech_Dataset_transformed\02\test\ko\0126.png,D:\patchcore\data\BTAD\BTech_Dataset_transformed\02\ground_truth\ko\0126.png,600,600,360000,1121,0.0031138888888888887,0.3113888888888889
BTAD,02,ko,test,anomaly,D:\patchcore\data\BTAD\BTech_Dataset_transformed\02\test\ko\0127.png,D:\patchcore\data\BTAD\BTech_Dataset_transformed\02\ground_truth\ko\0127.png,600,600,360000,282,0.0007833333333333334,0.07833333333333334
BTAD,02,ko,test,anomaly,D:\patchcore\data\BTAD\BTech_Dataset_transformed\02\test\ko\0128.png,D:\patchcore\data\BTAD\BTech_Dataset_transformed\02\ground_truth\ko\0128.png,600,600,360000,2795,0.007763888888888889,0.7763888888888889
BTAD,02,ko,test,anomaly,D:\patchcore\data\BTAD\BTech_Dataset_transformed\02\test\ko\0129.png,D:\patchcore\data\BTAD\BTech_Dataset_transformed\02\ground_truth\ko\0129.png,600,600,360000,331,0.0009194444444444444,0.09194444444444444
BTAD,02,ko,test,anomaly,D:\patchcore\data\BTAD\BTech_Dataset_transformed\02\test\ko\0130.png,D:\patchcore\data\BTAD\BTech_Dataset_transformed\02\ground_truth\ko\0130.png,600,600,360000,298,0.0008277777777777778,0.08277777777777777
BTAD,02,ko,test,anomaly,D:\patchcore\data\BTAD\BTech_Dataset_transformed\02\test\ko\0131.png,D:\patchcore\data\BTAD\BTech_Dataset_transformed\02\ground_truth\ko\0131.png,600,600,360000,312,0.0008666666666666666,0.08666666666666667
BTAD,02,ko,test,anomaly,D:\patchcore\data\BTAD\BTech_Dataset_transformed\02\test\ko\0132.png,D:\patchcore\data\BTAD\BTech_Dataset_transformed\02\ground_truth\ko\0132.png,600,600,360000,2046,0.005683333333333334,0.5683333333333334
BTAD,02,ko,test,anomaly,D:\patchcore\data\BTAD\BTech_Dataset_transformed\02\test\ko\0133.png,D:\patchcore\data\BTAD\BTech_Dataset_transformed\02\ground_truth\ko\0133.png,600,600,360000,570,0.0015833333333333333,0.15833333333333333
BTAD,02,ko,test,anomaly,D:\patchcore\data\BTAD\BTech_Dataset_transformed\02\test\ko\0134.png,D:\patchcore\data\BTAD\BTech_Dataset_transformed\02\ground_truth\ko\0134.png,600,600,360000,1180,0.003277777777777778,0.3277777777777778
BTAD,02,ko,test,anomaly,D:\patchcore\data\BTAD\BTech_Dataset_transformed\02\test\ko\0135.png,D:\patchcore\data\BTAD\BTech_Dataset_transformed\02\ground_truth\ko\0135.png,600,600,360000,384,0.0010666666666666667,0.10666666666666667
BTAD,02,ko,test,anomaly,D:\patchcore\data\BTAD\BTech_Dataset_transformed\02\test\ko\0136.png,D:\patchcore\data\BTAD\BTech_Dataset_transformed\02\ground_truth\ko\0136.png,600,600,360000,380,0.0010555555555555555,0.10555555555555554
BTAD,02,ko,test,anomaly,D:\patchcore\data\BTAD\BTech_Dataset_transformed\02\test\ko\0137.png,D:\patchcore\data\BTAD\BTech_Dataset_transformed\02\ground_truth\ko\0137.png,600,600,360000,440,0.0012222222222222222,0.12222222222222222
BTAD,02,ko,test,anomaly,D:\patchcore\data\BTAD\BTech_Dataset_transformed\02\test\ko\0138.png,D:\patchcore\data\BTAD\BTech_Dataset_transformed\02\ground_truth\ko\0138.png,600,600,360000,458,0.0012722222222222223,0.12722222222222224
BTAD,02,ko,test,anomaly,D:\patchcore\data\BTAD\BTech_Dataset_transformed\02\test\ko\0139.png,D:\patchcore\data\BTAD\BTech_Dataset_transformed\02\ground_truth\ko\0139.png,600,600,360000,226,0.0006277777777777778,0.06277777777777778
BTAD,02,ko,test,anomaly,D:\patchcore\data\BTAD\BTech_Dataset_transformed\02\test\ko\0140.png,D:\patchcore\data\BTAD\BTech_Dataset_transformed\02\ground_truth\ko\0140.png,600,600,360000,928,0.002577777777777778,0.2577777777777778
BTAD,02,ko,test,anomaly,D:\patchcore\data\BTAD\BTech_Dataset_transformed\02\test\ko\0141.png,D:\patchcore\data\BTAD\BTech_Dataset_transformed\02\ground_truth\ko\0141.png,600,600,360000,391,0.001086111111111111,0.1086111111111111
BTAD,02,ko,test,anomaly,D:\patchcore\data\BTAD\BTech_Dataset_transformed\02\test\ko\0142.png,D:\patchcore\data\BTAD\BTech_Dataset_transformed\02\ground_truth\ko\0142.png,600,600,360000,1048,0.0029111111111111113,0.29111111111111115
BTAD,02,ko,test,anomaly,D:\patchcore\data\BTAD\BTech_Dataset_transformed\02\test\ko\0143.png,D:\patchcore\data\BTAD\BTech_Dataset_transformed\02\ground_truth\ko\0143.png,600,600,360000,768,0.0021333333333333334,0.21333333333333335
BTAD,02,ko,test,anomaly,D:\patchcore\data\BTAD\BTech_Dataset_transformed\02\test\ko\0144.png,D:\patchcore\data\BTAD\BTech_Dataset_transformed\02\ground_truth\ko\0144.png,600,600,360000,252,0.0007,0.06999999999999999
BTAD,02,ko,test,anomaly,D:\patchcore\data\BTAD\BTech_Dataset_transformed\02\test\ko\0145.png,D:\patchcore\data\BTAD\BTech_Dataset_transformed\02\ground_truth\ko\0145.png,600,600,360000,0,0.0,0.0
BTAD,02,ko,test,anomaly,D:\patchcore\data\BTAD\BTech_Dataset_transformed\02\test\ko\0146.png,D:\patchcore\data\BTAD\BTech_Dataset_transformed\02\ground_truth\ko\0146.png,600,600,360000,184,0.0005111111111111112,0.051111111111111114
BTAD,02,ko,test,anomaly,D:\patchcore\data\BTAD\BTech_Dataset_transformed\02\test\ko\0147.png,D:\patchcore\data\BTAD\BTech_Dataset_transformed\02\ground_truth\ko\0147.png,600,600,360000,312,0.0008666666666666666,0.08666666666666667
BTAD,02,ko,test,anomaly,D:\patchcore\data\BTAD\BTech_Dataset_transformed\02\test\ko\0148.png,D:\patchcore\data\BTAD\BTech_Dataset_transformed\02\ground_truth\ko\0148.png,600,600,360000,534,0.0014833333333333332,0.14833333333333332
BTAD,02,ko,test,anomaly,D:\patchcore\data\BTAD\BTech_Dataset_transformed\02\test\ko\0149.png,D:\patchcore\data\BTAD\BTech_Dataset_transformed\02\ground_truth\ko\0149.png,600,600,360000,392,0.0010888888888888888,0.10888888888888888
BTAD,02,ko,test,anomaly,D:\patchcore\data\BTAD\BTech_Dataset_transformed\02\test\ko\0150.png,D:\patchcore\data\BTAD\BTech_Dataset_transformed\02\ground_truth\ko\0150.png,600,600,360000,629,0.0017472222222222223,0.17472222222222222
BTAD,02,ko,test,anomaly,D:\patchcore\data\BTAD\BTech_Dataset_transformed\02\test\ko\0151.png,D:\patchcore\data\BTAD\BTech_Dataset_transformed\02\ground_truth\ko\0151.png,600,600,360000,290,0.0008055555555555556,0.08055555555555556
BTAD,02,ko,test,anomaly,D:\patchcore\data\BTAD\BTech_Dataset_transformed\02\test\ko\0152.png,D:\patchcore\data\BTAD\BTech_Dataset_transformed\02\ground_truth\ko\0152.png,600,600,360000,605,0.0016805555555555556,0.16805555555555557
BTAD,02,ko,test,anomaly,D:\patchcore\data\BTAD\BTech_Dataset_transformed\02\test\ko\0153.png,D:\patchcore\data\BTAD\BTech_Dataset_transformed\02\ground_truth\ko\0153.png,600,600,360000,1341,0.003725,0.3725
BTAD,02,ko,test,anomaly,D:\patchcore\data\BTAD\BTech_Dataset_transformed\02\test\ko\0154.png,D:\patchcore\data\BTAD\BTech_Dataset_transformed\02\ground_truth\ko\0154.png,600,600,360000,272,0.0007555555555555555,0.07555555555555556
BTAD,02,ko,test,anomaly,D:\patchcore\data\BTAD\BTech_Dataset_transformed\02\test\ko\0155.png,D:\patchcore\data\BTAD\BTech_Dataset_transformed\02\ground_truth\ko\0155.png,600,600,360000,511,0.0014194444444444445,0.14194444444444446
BTAD,02,ko,test,anomaly,D:\patchcore\data\BTAD\BTech_Dataset_transformed\02\test\ko\0156.png,D:\patchcore\data\BTAD\BTech_Dataset_transformed\02\ground_truth\ko\0156.png,600,600,360000,208,0.0005777777777777778,0.057777777777777775
BTAD,02,ko,test,anomaly,D:\patchcore\data\BTAD\BTech_Dataset_transformed\02\test\ko\0157.png,D:\patchcore\data\BTAD\BTech_Dataset_transformed\02\ground_truth\ko\0157.png,600,600,360000,150,0.0004166666666666667,0.04166666666666667
BTAD,02,ko,test,anomaly,D:\patchcore\data\BTAD\BTech_Dataset_transformed\02\test\ko\0158.png,D:\patchcore\data\BTAD\BTech_Dataset_transformed\02\ground_truth\ko\0158.png,600,600,360000,248,0.0006888888888888888,0.06888888888888889
BTAD,02,ko,test,anomaly,D:\patchcore\data\BTAD\BTech_Dataset_transformed\02\test\ko\0159.png,D:\patchcore\data\BTAD\BTech_Dataset_transformed\02\ground_truth\ko\0159.png,600,600,360000,282,0.0007833333333333334,0.07833333333333334
BTAD,02,ko,test,anomaly,D:\patchcore\data\BTAD\BTech_Dataset_transformed\02\test\ko\0160.png,D:\patchcore\data\BTAD\BTech_Dataset_transformed\02\ground_truth\ko\0160.png,600,600,360000,250,0.0006944444444444445,0.06944444444444445
BTAD,02,ko,test,anomaly,D:\patchcore\data\BTAD\BTech_Dataset_transformed\02\test\ko\0161.png,D:\patchcore\data\BTAD\BTech_Dataset_transformed\02\ground_truth\ko\0161.png,600,600,360000,232,0.0006444444444444444,0.06444444444444444
BTAD,02,ko,test,anomaly,D:\patchcore\data\BTAD\BTech_Dataset_transformed\02\test\ko\0162.png,D:\patchcore\data\BTAD\BTech_Dataset_transformed\02\ground_truth\ko\0162.png,600,600,360000,532,0.0014777777777777777,0.14777777777777779
BTAD,02,ko,test,anomaly,D:\patchcore\data\BTAD\BTech_Dataset_transformed\02\test\ko\0163.png,D:\patchcore\data\BTAD\BTech_Dataset_transformed\02\ground_truth\ko\0163.png,600,600,360000,216,0.0006,0.06
BTAD,02,ko,test,anomaly,D:\patchcore\data\BTAD\BTech_Dataset_transformed\02\test\ko\0164.png,D:\patchcore\data\BTAD\BTech_Dataset_transformed\02\ground_truth\ko\0164.png,600,600,360000,226,0.0006277777777777778,0.06277777777777778
BTAD,02,ko,test,anomaly,D:\patchcore\data\BTAD\BTech_Dataset_transformed\02\test\ko\0165.png,D:\patchcore\data\BTAD\BTech_Dataset_transformed\02\ground_truth\ko\0165.png,600,600,360000,820,0.002277777777777778,0.2277777777777778
BTAD,02,ko,test,anomaly,D:\patchcore\data\BTAD\BTech_Dataset_transformed\02\test\ko\0166.png,D:\patchcore\data\BTAD\BTech_Dataset_transformed\02\ground_truth\ko\0166.png,600,600,360000,316,0.0008777777777777778,0.08777777777777777
BTAD,02,ko,test,anomaly,D:\patchcore\data\BTAD\BTech_Dataset_transformed\02\test\ko\0167.png,D:\patchcore\data\BTAD\BTech_Dataset_transformed\02\ground_truth\ko\0167.png,600,600,360000,622,0.0017277777777777777,0.17277777777777778
BTAD,02,ko,test,anomaly,D:\patchcore\data\BTAD\BTech_Dataset_transformed\02\test\ko\0168.png,D:\patchcore\data\BTAD\BTech_Dataset_transformed\02\ground_truth\ko\0168.png,600,600,360000,416,0.0011555555555555555,0.11555555555555555
BTAD,02,ko,test,anomaly,D:\patchcore\data\BTAD\BTech_Dataset_transformed\02\test\ko\0169.png,D:\patchcore\data\BTAD\BTech_Dataset_transformed\02\ground_truth\ko\0169.png,600,600,360000,158,0.0004388888888888889,0.04388888888888889
BTAD,02,ko,test,anomaly,D:\patchcore\data\BTAD\BTech_Dataset_transformed\02\test\ko\0170.png,D:\patchcore\data\BTAD\BTech_Dataset_transformed\02\ground_truth\ko\0170.png,600,600,360000,471,0.0013083333333333334,0.13083333333333336
BTAD,02,ko,test,anomaly,D:\patchcore\data\BTAD\BTech_Dataset_transformed\02\test\ko\0171.png,D:\patchcore\data\BTAD\BTech_Dataset_transformed\02\ground_truth\ko\0171.png,600,600,360000,474,0.0013166666666666667,0.13166666666666668
BTAD,02,ko,test,anomaly,D:\patchcore\data\BTAD\BTech_Dataset_transformed\02\test\ko\0172.png,D:\patchcore\data\BTAD\BTech_Dataset_transformed\02\ground_truth\ko\0172.png,600,600,360000,275,0.0007638888888888889,0.0763888888888889
BTAD,02,ko,test,anomaly,D:\patchcore\data\BTAD\BTech_Dataset_transformed\02\test\ko\0173.png,D:\patchcore\data\BTAD\BTech_Dataset_transformed\02\ground_truth\ko\0173.png,600,600,360000,189,0.000525,0.0525
BTAD,02,ko,test,anomaly,D:\patchcore\data\BTAD\BTech_Dataset_transformed\02\test\ko\0174.png,D:\patchcore\data\BTAD\BTech_Dataset_transformed\02\ground_truth\ko\0174.png,600,600,360000,2201,0.006113888888888889,0.6113888888888889
BTAD,02,ko,test,anomaly,D:\patchcore\data\BTAD\BTech_Dataset_transformed\02\test\ko\0175.png,D:\patchcore\data\BTAD\BTech_Dataset_transformed\02\ground_truth\ko\0175.png,600,600,360000,321,0.0008916666666666667,0.08916666666666667
BTAD,02,ko,test,anomaly,D:\patchcore\data\BTAD\BTech_Dataset_transformed\02\test\ko\0176.png,D:\patchcore\data\BTAD\BTech_Dataset_transformed\02\ground_truth\ko\0176.png,600,600,360000,299,0.0008305555555555555,0.08305555555555555
BTAD,02,ko,test,anomaly,D:\patchcore\data\BTAD\BTech_Dataset_transformed\02\test\ko\0177.png,D:\patchcore\data\BTAD\BTech_Dataset_transformed\02\ground_truth\ko\0177.png,600,600,360000,1591,0.004419444444444445,0.4419444444444445
BTAD,02,ko,test,anomaly,D:\patchcore\data\BTAD\BTech_Dataset_transformed\02\test\ko\0178.png,D:\patchcore\data\BTAD\BTech_Dataset_transformed\02\ground_truth\ko\0178.png,600,600,360000,208,0.0005777777777777778,0.057777777777777775
BTAD,02,ko,test,anomaly,D:\patchcore\data\BTAD\BTech_Dataset_transformed\02\test\ko\0179.png,D:\patchcore\data\BTAD\BTech_Dataset_transformed\02\ground_truth\ko\0179.png,600,600,360000,258,0.0007166666666666667,0.07166666666666667
BTAD,02,ko,test,anomaly,D:\patchcore\data\BTAD\BTech_Dataset_transformed\02\test\ko\0180.png,D:\patchcore\data\BTAD\BTech_Dataset_transformed\02\ground_truth\ko\0180.png,600,600,360000,280,0.0007777777777777777,0.07777777777777778
BTAD,02,ko,test,anomaly,D:\patchcore\data\BTAD\BTech_Dataset_transformed\02\test\ko\0181.png,D:\patchcore\data\BTAD\BTech_Dataset_transformed\02\ground_truth\ko\0181.png,600,600,360000,673,0.0018694444444444444,0.18694444444444444
BTAD,02,ko,test,anomaly,D:\patchcore\data\BTAD\BTech_Dataset_transformed\02\test\ko\0182.png,D:\patchcore\data\BTAD\BTech_Dataset_transformed\02\ground_truth\ko\0182.png,600,600,360000,206,0.0005722222222222222,0.05722222222222222
BTAD,02,ko,test,anomaly,D:\patchcore\data\BTAD\BTech_Dataset_transformed\02\test\ko\0183.png,D:\patchcore\data\BTAD\BTech_Dataset_transformed\02\ground_truth\ko\0183.png,600,600,360000,206,0.0005722222222222222,0.05722222222222222
BTAD,02,ko,test,anomaly,D:\patchcore\data\BTAD\BTech_Dataset_transformed\02\test\ko\0184.png,D:\patchcore\data\BTAD\BTech_Dataset_transformed\02\ground_truth\ko\0184.png,600,600,360000,242,0.0006722222222222223,0.06722222222222222
BTAD,02,ko,test,anomaly,D:\patchcore\data\BTAD\BTech_Dataset_transformed\02\test\ko\0185.png,D:\patchcore\data\BTAD\BTech_Dataset_transformed\02\ground_truth\ko\0185.png,600,600,360000,720,0.002,0.2
BTAD,02,ko,test,anomaly,D:\patchcore\data\BTAD\BTech_Dataset_transformed\02\test\ko\0186.png,D:\patchcore\data\BTAD\BTech_Dataset_transformed\02\ground_truth\ko\0186.png,600,600,360000,489,0.0013583333333333334,0.13583333333333333
BTAD,02,ko,test,anomaly,D:\patchcore\data\BTAD\BTech_Dataset_transformed\02\test\ko\0187.png,D:\patchcore\data\BTAD\BTech_Dataset_transformed\02\ground_truth\ko\0187.png,600,600,360000,1067,0.0029638888888888887,0.29638888888888887
BTAD,02,ko,test,anomaly,D:\patchcore\data\BTAD\BTech_Dataset_transformed\02\test\ko\0188.png,D:\patchcore\data\BTAD\BTech_Dataset_transformed\02\ground_truth\ko\0188.png,600,600,360000,10565,0.029347222222222222,2.9347222222222222
BTAD,02,ko,test,anomaly,D:\patchcore\data\BTAD\BTech_Dataset_transformed\02\test\ko\0189.png,D:\patchcore\data\BTAD\BTech_Dataset_transformed\02\ground_truth\ko\0189.png,600,600,360000,71959,0.1998861111111111,19.98861111111111
BTAD,02,ko,test,anomaly,D:\patchcore\data\BTAD\BTech_Dataset_transformed\02\test\ko\0190.png,D:\patchcore\data\BTAD\BTech_Dataset_transformed\02\ground_truth\ko\0190.png,600,600,360000,44502,0.12361666666666667,12.361666666666666
BTAD,02,ko,test,anomaly,D:\patchcore\data\BTAD\BTech_Dataset_transformed\02\test\ko\0191.png,D:\patchcore\data\BTAD\BTech_Dataset_transformed\02\ground_truth\ko\0191.png,600,600,360000,95057,0.2640472222222222,26.404722222222222
BTAD,02,ko,test,anomaly,D:\patchcore\data\BTAD\BTech_Dataset_transformed\02\test\ko\0192.png,D:\patchcore\data\BTAD\BTech_Dataset_transformed\02\ground_truth\ko\0192.png,600,600,360000,1587,0.0044083333333333335,0.44083333333333335
BTAD,02,ko,test,anomaly,D:\patchcore\data\BTAD\BTech_Dataset_transformed\02\test\ko\0193.png,D:\patchcore\data\BTAD\BTech_Dataset_transformed\02\ground_truth\ko\0193.png,600,600,360000,88651,0.24625277777777776,24.625277777777775
BTAD,02,ko,test,anomaly,D:\patchcore\data\BTAD\BTech_Dataset_transformed\02\test\ko\0194.png,D:\patchcore\data\BTAD\BTech_Dataset_transformed\02\ground_truth\ko\0194.png,600,600,360000,23096,0.06415555555555555,6.415555555555555
BTAD,02,ko,test,anomaly,D:\patchcore\data\BTAD\BTech_Dataset_transformed\02\test\ko\0195.png,D:\patchcore\data\BTAD\BTech_Dataset_transformed\02\ground_truth\ko\0195.png,600,600,360000,4830,0.013416666666666667,1.3416666666666668
BTAD,02,ko,test,anomaly,D:\patchcore\data\BTAD\BTech_Dataset_transformed\02\test\ko\0196.png,D:\patchcore\data\BTAD\BTech_Dataset_transformed\02\ground_truth\ko\0196.png,600,600,360000,987,0.0027416666666666666,0.27416666666666667
BTAD,02,ko,test,anomaly,D:\patchcore\data\BTAD\BTech_Dataset_transformed\02\test\ko\0197.png,D:\patchcore\data\BTAD\BTech_Dataset_transformed\02\ground_truth\ko\0197.png,600,600,360000,57724,0.16034444444444446,16.034444444444446
BTAD,02,ko,test,anomaly,D:\patchcore\data\BTAD\BTech_Dataset_transformed\02\test\ko\0198.png,D:\patchcore\data\BTAD\BTech_Dataset_transformed\02\ground_truth\ko\0198.png,600,600,360000,78762,0.21878333333333333,21.878333333333334
BTAD,02,ko,test,anomaly,D:\patchcore\data\BTAD\BTech_Dataset_transformed\02\test\ko\0199.png,D:\patchcore\data\BTAD\BTech_Dataset_transformed\02\ground_truth\ko\0199.png,600,600,360000,97550,0.2709722222222222,27.09722222222222
BTAD,03,ko,test,anomaly,D:\patchcore\data\BTAD\BTech_Dataset_transformed\03\test\ko\0000.bmp,D:\patchcore\data\BTAD\BTech_Dataset_transformed\03\ground_truth\ko\0000.bmp,800,600,480000,8497,0.017702083333333334,1.7702083333333334
BTAD,03,ko,test,anomaly,D:\patchcore\data\BTAD\BTech_Dataset_transformed\03\test\ko\0001.bmp,D:\patchcore\data\BTAD\BTech_Dataset_transformed\03\ground_truth\ko\0001.bmp,800,600,480000,10171,0.021189583333333335,2.1189583333333335
BTAD,03,ko,test,anomaly,D:\patchcore\data\BTAD\BTech_Dataset_transformed\03\test\ko\0002.bmp,D:\patchcore\data\BTAD\BTech_Dataset_transformed\03\ground_truth\ko\0002.bmp,800,600,480000,10854,0.0226125,2.26125
BTAD,03,ko,test,anomaly,D:\patchcore\data\BTAD\BTech_Dataset_transformed\03\test\ko\0003.bmp,D:\patchcore\data\BTAD\BTech_Dataset_transformed\03\ground_truth\ko\0003.bmp,800,600,480000,13560,0.02825,2.825
BTAD,03,ko,test,anomaly,D:\patchcore\data\BTAD\BTech_Dataset_transformed\03\test\ko\0004.bmp,D:\patchcore\data\BTAD\BTech_Dataset_transformed\03\ground_truth\ko\0004.bmp,800,600,480000,20005,0.04167708333333333,4.167708333333333
BTAD,03,ko,test,anomaly,D:\patchcore\data\BTAD\BTech_Dataset_transformed\03\test\ko\0005.bmp,D:\patchcore\data\BTAD\BTech_Dataset_transformed\03\ground_truth\ko\0005.bmp,800,600,480000,15654,0.0326125,3.2612500000000004
BTAD,03,ko,test,anomaly,D:\patchcore\data\BTAD\BTech_Dataset_transformed\03\test\ko\0006.bmp,D:\patchcore\data\BTAD\BTech_Dataset_transformed\03\ground_truth\ko\0006.bmp,800,600,480000,14895,0.03103125,3.103125
BTAD,03,ko,test,anomaly,D:\patchcore\data\BTAD\BTech_Dataset_transformed\03\test\ko\0007.bmp,D:\patchcore\data\BTAD\BTech_Dataset_transformed\03\ground_truth\ko\0007.bmp,800,600,480000,18581,0.038710416666666664,3.8710416666666663
BTAD,03,ko,test,anomaly,D:\patchcore\data\BTAD\BTech_Dataset_transformed\03\test\ko\0008.bmp,D:\patchcore\data\BTAD\BTech_Dataset_transformed\03\ground_truth\ko\0008.bmp,800,600,480000,13799,0.028747916666666668,2.874791666666667
BTAD,03,ko,test,anomaly,D:\patchcore\data\BTAD\BTech_Dataset_transformed\03\test\ko\0009.bmp,D:\patchcore\data\BTAD\BTech_Dataset_transformed\03\ground_truth\ko\0009.bmp,800,600,480000,11094,0.0231125,2.3112500000000002
BTAD,03,ko,test,anomaly,D:\patchcore\data\BTAD\BTech_Dataset_transformed\03\test\ko\0010.bmp,D:\patchcore\data\BTAD\BTech_Dataset_transformed\03\ground_truth\ko\0010.bmp,800,600,480000,3107,0.006472916666666667,0.6472916666666667
BTAD,03,ko,test,anomaly,D:\patchcore\data\BTAD\BTech_Dataset_transformed\03\test\ko\0011.bmp,D:\patchcore\data\BTAD\BTech_Dataset_transformed\03\ground_truth\ko\0011.bmp,800,600,480000,7113,0.01481875,1.481875
BTAD,03,ko,test,anomaly,D:\patchcore\data\BTAD\BTech_Dataset_transformed\03\test\ko\0012.bmp,D:\patchcore\data\BTAD\BTech_Dataset_transformed\03\ground_truth\ko\0012.bmp,800,600,480000,4695,0.00978125,0.978125
BTAD,03,ko,test,anomaly,D:\patchcore\data\BTAD\BTech_Dataset_transformed\03\test\ko\0013.bmp,D:\patchcore\data\BTAD\BTech_Dataset_transformed\03\ground_truth\ko\0013.bmp,800,600,480000,16171,0.033689583333333335,3.3689583333333335
BTAD,03,ko,test,anomaly,D:\patchcore\data\BTAD\BTech_Dataset_transformed\03\test\ko\0014.bmp,D:\patchcore\data\BTAD\BTech_Dataset_transformed\03\ground_truth\ko\0014.bmp,800,600,480000,5772,0.012025,1.2025
BTAD,03,ko,test,anomaly,D:\patchcore\data\BTAD\BTech_Dataset_transformed\03\test\ko\0015.bmp,D:\patchcore\data\BTAD\BTech_Dataset_transformed\03\ground_truth\ko\0015.bmp,800,600,480000,1343,0.002797916666666667,0.27979166666666666
BTAD,03,ko,test,anomaly,D:\patchcore\data\BTAD\BTech_Dataset_transformed\03\test\ko\0016.bmp,D:\patchcore\data\BTAD\BTech_Dataset_transformed\03\ground_truth\ko\0016.bmp,800,600,480000,3166,0.006595833333333334,0.6595833333333334
BTAD,03,ko,test,anomaly,D:\patchcore\data\BTAD\BTech_Dataset_transformed\03\test\ko\0017.bmp,D:\patchcore\data\BTAD\BTech_Dataset_transformed\03\ground_truth\ko\0017.bmp,800,600,480000,6514,0.013570833333333334,1.3570833333333334
BTAD,03,ko,test,anomaly,D:\patchcore\data\BTAD\BTech_Dataset_transformed\03\test\ko\0018.bmp,D:\patchcore\data\BTAD\BTech_Dataset_transformed\03\ground_truth\ko\0018.bmp,800,600,480000,63192,0.13165,13.165
BTAD,03,ko,test,anomaly,D:\patchcore\data\BTAD\BTech_Dataset_transformed\03\test\ko\0019.bmp,D:\patchcore\data\BTAD\BTech_Dataset_transformed\03\ground_truth\ko\0019.bmp,800,600,480000,19968,0.0416,4.16
BTAD,03,ko,test,anomaly,D:\patchcore\data\BTAD\BTech_Dataset_transformed\03\test\ko\0020.bmp,D:\patchcore\data\BTAD\BTech_Dataset_transformed\03\ground_truth\ko\0020.bmp,800,600,480000,9954,0.0207375,2.07375
BTAD,03,ko,test,anomaly,D:\patchcore\data\BTAD\BTech_Dataset_transformed\03\test\ko\0021.bmp,D:\patchcore\data\BTAD\BTech_Dataset_transformed\03\ground_truth\ko\0021.bmp,800,600,480000,4708,0.009808333333333334,0.9808333333333333
BTAD,03,ko,test,anomaly,D:\patchcore\data\BTAD\BTech_Dataset_transformed\03\test\ko\0022.bmp,D:\patchcore\data\BTAD\BTech_Dataset_transformed\03\ground_truth\ko\0022.bmp,800,600,480000,16254,0.0338625,3.3862499999999995
BTAD,03,ko,test,anomaly,D:\patchcore\data\BTAD\BTech_Dataset_transformed\03\test\ko\0023.bmp,D:\patchcore\data\BTAD\BTech_Dataset_transformed\03\ground_truth\ko\0023.bmp,800,600,480000,9501,0.01979375,1.9793749999999999
BTAD,03,ko,test,anomaly,D:\patchcore\data\BTAD\BTech_Dataset_transformed\03\test\ko\0024.bmp,D:\patchcore\data\BTAD\BTech_Dataset_transformed\03\ground_truth\ko\0024.bmp,800,600,480000,17698,0.03687083333333333,3.6870833333333333
BTAD,03,ko,test,anomaly,D:\patchcore\data\BTAD\BTech_Dataset_transformed\03\test\ko\0025.bmp,D:\patchcore\data\BTAD\BTech_Dataset_transformed\03\ground_truth\ko\0025.bmp,800,600,480000,18469,0.038477083333333335,3.8477083333333337
BTAD,03,ko,test,anomaly,D:\patchcore\data\BTAD\BTech_Dataset_transformed\03\test\ko\0026.bmp,D:\patchcore\data\BTAD\BTech_Dataset_transformed\03\ground_truth\ko\0026.bmp,800,600,480000,21630,0.0450625,4.50625
BTAD,03,ko,test,anomaly,D:\patchcore\data\BTAD\BTech_Dataset_transformed\03\test\ko\0027.bmp,D:\patchcore\data\BTAD\BTech_Dataset_transformed\03\ground_truth\ko\0027.bmp,800,600,480000,25490,0.05310416666666667,5.310416666666667
BTAD,03,ko,test,anomaly,D:\patchcore\data\BTAD\BTech_Dataset_transformed\03\test\ko\0028.bmp,D:\patchcore\data\BTAD\BTech_Dataset_transformed\03\ground_truth\ko\0028.bmp,800,600,480000,0,0.0,0.0
BTAD,03,ko,test,anomaly,D:\patchcore\data\BTAD\BTech_Dataset_transformed\03\test\ko\0029.bmp,D:\patchcore\data\BTAD\BTech_Dataset_transformed\03\ground_truth\ko\0029.bmp,800,600,480000,0,0.0,0.0
BTAD,03,ko,test,anomaly,D:\patchcore\data\BTAD\BTech_Dataset_transformed\03\test\ko\0030.bmp,D:\patchcore\data\BTAD\BTech_Dataset_transformed\03\ground_truth\ko\0030.bmp,800,600,480000,0,0.0,0.0
BTAD,03,ko,test,anomaly,D:\patchcore\data\BTAD\BTech_Dataset_transformed\03\test\ko\0031.bmp,D:\patchcore\data\BTAD\BTech_Dataset_transformed\03\ground_truth\ko\0031.bmp,800,600,480000,0,0.0,0.0
BTAD,03,ko,test,anomaly,D:\patchcore\data\BTAD\BTech_Dataset_transformed\03\test\ko\0032.bmp,D:\patchcore\data\BTAD\BTech_Dataset_transformed\03\ground_truth\ko\0032.bmp,800,600,480000,0,0.0,0.0
BTAD,03,ko,test,anomaly,D:\patchcore\data\BTAD\BTech_Dataset_transformed\03\test\ko\0033.bmp,D:\patchcore\data\BTAD\BTech_Dataset_transformed\03\ground_truth\ko\0033.bmp,800,600,480000,0,0.0,0.0
BTAD,03,ko,test,anomaly,D:\patchcore\data\BTAD\BTech_Dataset_transformed\03\test\ko\0034.bmp,D:\patchcore\data\BTAD\BTech_Dataset_transformed\03\ground_truth\ko\0034.bmp,800,600,480000,0,0.0,0.0
BTAD,03,ko,test,anomaly,D:\patchcore\data\BTAD\BTech_Dataset_transformed\03\test\ko\0035.bmp,D:\patchcore\data\BTAD\BTech_Dataset_transformed\03\ground_truth\ko\0035.bmp,800,600,480000,0,0.0,0.0
BTAD,03,ko,test,anomaly,D:\patchcore\data\BTAD\BTech_Dataset_transformed\03\test\ko\0036.bmp,D:\patchcore\data\BTAD\BTech_Dataset_transformed\03\ground_truth\ko\0036.bmp,800,600,480000,0,0.0,0.0
BTAD,03,ko,test,anomaly,D:\patchcore\data\BTAD\BTech_Dataset_transformed\03\test\ko\0037.bmp,D:\patchcore\data\BTAD\BTech_Dataset_transformed\03\ground_truth\ko\0037.bmp,800,600,480000,0,0.0,0.0
BTAD,03,ko,test,anomaly,D:\patchcore\data\BTAD\BTech_Dataset_transformed\03\test\ko\0038.bmp,D:\patchcore\data\BTAD\BTech_Dataset_transformed\03\ground_truth\ko\0038.bmp,800,600,480000,23084,0.048091666666666665,4.809166666666666
BTAD,03,ko,test,anomaly,D:\patchcore\data\BTAD\BTech_Dataset_transformed\03\test\ko\0039.bmp,D:\patchcore\data\BTAD\BTech_Dataset_transformed\03\ground_truth\ko\0039.bmp,800,600,480000,10717,0.022327083333333334,2.2327083333333335
BTAD,03,ko,test,anomaly,D:\patchcore\data\BTAD\BTech_Dataset_transformed\03\test\ko\0040.bmp,D:\patchcore\data\BTAD\BTech_Dataset_transformed\03\ground_truth\ko\0040.bmp,800,600,480000,11993,0.024985416666666666,2.4985416666666667
