dataset,category,split,label,defect_type,image_path,mask_path,image_width,image_height,image_area_pixels,defect_area_pixels,defect_area_ratio,defect_area_percent_of_full_image
KolektorSDD2,Kolektor_surface,train,anomaly,surface_defect,D:\patchcore\data\KolektorSDD2\train\10021.png,D:\patchcore\data\KolektorSDD2\train\10021_GT.png,228,649,147972,3346,0.022612386127105127,2.2612386127105126
KolektorSDD2,Kolektor_surface,train,anomaly,surface_defect,D:\patchcore\data\KolektorSDD2\train\10028.png,D:\patchcore\data\KolektorSDD2\train\10028_GT.png,229,643,147247,989,0.00671660543168961,0.671660543168961
KolektorSDD2,Kolektor_surface,train,anomaly,surface_defect,D:\patchcore\data\KolektorSDD2\train\10045.png,D:\patchcore\data\KolektorSDD2\train\10045_GT.png,211,638,134618,23,0.00017085382341143086,0.017085382341143086
KolektorSDD2,Kolektor_surface,train,anomaly,surface_defect,D:\patchcore\data\KolektorSDD2\train\10047.png,D:\patchcore\data\KolektorSDD2\train\10047_GT.png,231,637,147147,19713,0.13396807274358294,13.396807274358293
KolektorSDD2,Kolektor_surface,train,anomaly,surface_defect,D:\patchcore\data\KolektorSDD2\train\10057.png,D:\patchcore\data\KolektorSDD2\train\10057_GT.png,230,640,147200,1713,0.011637228260869565,1.1637228260869565
KolektorSDD2,Kolektor_surface,train,anomaly,surface_defect,D:\patchcore\data\KolektorSDD2\train\10060.png,D:\patchcore\data\KolektorSDD2\train\10060_GT.png,228,637,145236,1349,0.009288330716902146,0.9288330716902147
KolektorSDD2,Kolektor_surface,train,anomaly,surface_defect,D:\patchcore\data\KolektorSDD2\train\10065.png,D:\patchcore\data\KolektorSDD2\train\10065_GT.png,229,641,146789,2527,0.017215186424050847,1.7215186424050848
KolektorSDD2,Kolektor_surface,train,anomaly,surface_defect,D:\patchcore\data\KolektorSDD2\train\10084.png,D:\patchcore\data\KolektorSDD2\train\10084_GT.png,231,619,142989,644,0.004503842952954423,0.45038429529544227
KolektorSDD2,Kolektor_surface,train,anomaly,surface_defect,D:\patchcore\data\KolektorSDD2\train\10090.png,D:\patchcore\data\KolektorSDD2\train\10090_GT.png,230,637,146510,488,0.0033308306600232066,0.3330830660023207
KolektorSDD2,Kolektor_surface,train,anomaly,surface_defect,D:\patchcore\data\KolektorSDD2\train\10135.png,D:\patchcore\data\KolektorSDD2\train\10135_GT.png,230,646,148580,3376,0.022721766051958543,2.2721766051958543
KolektorSDD2,Kolektor_surface,train,anomaly,surface_defect,D:\patchcore\data\KolektorSDD2\train\10145.png,D:\patchcore\data\KolektorSDD2\train\10145_GT.png,230,636,146280,1045,0.007143833743505606,0.7143833743505605
KolektorSDD2,Kolektor_surface,train,anomaly,surface_defect,D:\patchcore\data\KolektorSDD2\train\10157.png,D:\patchcore\data\KolektorSDD2\train\10157_GT.png,231,649,149919,7073,0.0471788098906743,4.71788098906743
KolektorSDD2,Kolektor_surface,train,anomaly,surface_defect,D:\patchcore\data\KolektorSDD2\train\10159.png,D:\patchcore\data\KolektorSDD2\train\10159_GT.png,229,646,147934,5895,0.03984885151486474,3.984885151486474
KolektorSDD2,Kolektor_surface,train,anomaly,surface_defect,D:\patchcore\data\KolektorSDD2\train\10201.png,D:\patchcore\data\KolektorSDD2\train\10201_GT.png,229,639,146331,9025,0.06167524311321593,6.167524311321593
KolektorSDD2,Kolektor_surface,train,anomaly,surface_defect,D:\patchcore\data\KolektorSDD2\train\10206.png,D:\patchcore\data\KolektorSDD2\train\10206_GT.png,231,641,148071,7758,0.052393784063050834,5.239378406305083
KolektorSDD2,Kolektor_surface,train,anomaly,surface_defect,D:\patchcore\data\KolektorSDD2\train\10208.png,D:\patchcore\data\KolektorSDD2\train\10208_GT.png,228,627,142956,4451,0.03113545426564817,3.113545426564817
KolektorSDD2,Kolektor_surface,train,anomaly,surface_defect,D:\patchcore\data\KolektorSDD2\train\10223.png,D:\patchcore\data\KolektorSDD2\train\10223_GT.png,231,648,149688,1475,0.009853829298273742,0.9853829298273742
KolektorSDD2,Kolektor_surface,train,anomaly,surface_defect,D:\patchcore\data\KolektorSDD2\train\10235.png,D:\patchcore\data\KolektorSDD2\train\10235_GT.png,229,633,144957,29837,0.20583345405878986,20.583345405878987
KolektorSDD2,Kolektor_surface,train,anomaly,surface_defect,D:\patchcore\data\KolektorSDD2\train\10244.png,D:\patchcore\data\KolektorSDD2\train\10244_GT.png,231,642,148302,1572,0.010599991908403123,1.0599991908403124
KolektorSDD2,Kolektor_surface,train,anomaly,surface_defect,D:\patchcore\data\KolektorSDD2\train\10247.png,D:\patchcore\data\KolektorSDD2\train\10247_GT.png,228,637,145236,5876,0.04045828857858933,4.045828857858933
KolektorSDD2,Kolektor_surface,train,anomaly,surface_defect,D:\patchcore\data\KolektorSDD2\train\10254.png,D:\patchcore\data\KolektorSDD2\train\10254_GT.png,228,637,145236,1383,0.009522432454763282,0.9522432454763282
KolektorSDD2,Kolektor_surface,train,anomaly,surface_defect,D:\patchcore\data\KolektorSDD2\train\10258.png,D:\patchcore\data\KolektorSDD2\train\10258_GT.png,230,640,147200,8343,0.056677989130434786,5.6677989130434785
KolektorSDD2,Kolektor_surface,train,anomaly,surface_defect,D:\patchcore\data\KolektorSDD2\train\10266.png,D:\patchcore\data\KolektorSDD2\train\10266_GT.png,224,635,142240,291,0.002045838020247469,0.2045838020247469
KolektorSDD2,Kolektor_surface,train,anomaly,surface_defect,D:\patchcore\data\KolektorSDD2\train\10273.png,D:\patchcore\data\KolektorSDD2\train\10273_GT.png,230,641,147430,6535,0.0443261208709218,4.4326120870921795
KolektorSDD2,Kolektor_surface,train,anomaly,surface_defect,D:\patchcore\data\KolektorSDD2\train\10281.png,D:\patchcore\data\KolektorSDD2\train\10281_GT.png,231,618,142758,4825,0.033798456128553214,3.3798456128553216
KolektorSDD2,Kolektor_surface,train,anomaly,surface_defect,D:\patchcore\data\KolektorSDD2\train\10301.png,D:\patchcore\data\KolektorSDD2\train\10301_GT.png,233,645,150285,5113,0.0340220248195096,3.4022024819509595
KolektorSDD2,Kolektor_surface,train,anomaly,surface_defect,D:\patchcore\data\KolektorSDD2\train\10304.png,D:\patchcore\data\KolektorSDD2\train\10304_GT.png,231,642,148302,444,0.002993890844358134,0.2993890844358134
KolektorSDD2,Kolektor_surface,train,anomaly,surface_defect,D:\patchcore\data\KolektorSDD2\train\10306.png,D:\patchcore\data\KolektorSDD2\train\10306_GT.png,231,624,144144,14386,0.0998029748029748,9.98029748029748
KolektorSDD2,Kolektor_surface,train,anomaly,surface_defect,D:\patchcore\data\KolektorSDD2\train\10308.png,D:\patchcore\data\KolektorSDD2\train\10308_GT.png,227,641,145507,12008,0.08252523933556462,8.252523933556462
KolektorSDD2,Kolektor_surface,train,anomaly,surface_defect,D:\patchcore\data\KolektorSDD2\train\10309.png,D:\patchcore\data\KolektorSDD2\train\10309_GT.png,227,635,144145,43011,0.2983870408269451,29.838704082694512
KolektorSDD2,Kolektor_surface,train,anomaly,surface_defect,D:\patchcore\data\KolektorSDD2\train\10312.png,D:\patchcore\data\KolektorSDD2\train\10312_GT.png,231,639,147609,6655,0.04508532677546762,4.5085326775467625
KolektorSDD2,Kolektor_surface,train,anomaly,surface_defect,D:\patchcore\data\KolektorSDD2\train\10335.png,D:\patchcore\data\KolektorSDD2\train\10335_GT.png,232,640,148480,372,0.0025053879310344826,0.25053879310344823
KolektorSDD2,Kolektor_surface,train,anomaly,surface_defect,D:\patchcore\data\KolektorSDD2\train\10337.png,D:\patchcore\data\KolektorSDD2\train\10337_GT.png,230,648,149040,1638,0.010990338164251207,1.0990338164251208
KolektorSDD2,Kolektor_surface,train,anomaly,surface_defect,D:\patchcore\data\KolektorSDD2\train\10344.png,D:\patchcore\data\KolektorSDD2\train\10344_GT.png,230,634,145820,1275,0.008743656562885749,0.8743656562885749
KolektorSDD2,Kolektor_surface,train,anomaly,surface_defect,D:\patchcore\data\KolektorSDD2\train\10345.png,D:\patchcore\data\KolektorSDD2\train\10345_GT.png,226,635,143510,649,0.004522332938471187,0.45223329384711863
KolektorSDD2,Kolektor_surface,train,anomaly,surface_defect,D:\patchcore\data\KolektorSDD2\train\10352.png,D:\patchcore\data\KolektorSDD2\train\10352_GT.png,231,634,146454,2408,0.016442022751171015,1.6442022751171015
KolektorSDD2,Kolektor_surface,train,anomaly,surface_defect,D:\patchcore\data\KolektorSDD2\train\10354.png,D:\patchcore\data\KolektorSDD2\train\10354_GT.png,225,628,141300,1744,0.012342533616418967,1.2342533616418967
KolektorSDD2,Kolektor_surface,train,anomaly,surface_defect,D:\patchcore\data\KolektorSDD2\train\10367.png,D:\patchcore\data\KolektorSDD2\train\10367_GT.png,233,629,146557,601,0.004100793547902864,0.4100793547902864
KolektorSDD2,Kolektor_surface,train,anomaly,surface_defect,D:\patchcore\data\KolektorSDD2\train\10382.png,D:\patchcore\data\KolektorSDD2\train\10382_GT.png,231,635,146685,13237,0.09024099260319733,9.024099260319733
KolektorSDD2,Kolektor_surface,train,anomaly,surface_defect,D:\patchcore\data\KolektorSDD2\train\10383.png,D:\patchcore\data\KolektorSDD2\train\10383_GT.png,215,636,136740,1632,0.01193505923650724,1.193505923650724
KolektorSDD2,Kolektor_surface,train,anomaly,surface_defect,D:\patchcore\data\KolektorSDD2\train\10396.png,D:\patchcore\data\KolektorSDD2\train\10396_GT.png,230,623,143290,1759,0.012275804312931817,1.2275804312931817
KolektorSDD2,Kolektor_surface,train,anomaly,surface_defect,D:\patchcore\data\KolektorSDD2\train\10401.png,D:\patchcore\data\KolektorSDD2\train\10401_GT.png,232,645,149640,6010,0.04016305800588078,4.0163058005880785
KolektorSDD2,Kolektor_surface,train,anomaly,surface_defect,D:\patchcore\data\KolektorSDD2\train\10402.png,D:\patchcore\data\KolektorSDD2\train\10402_GT.png,228,641,146148,1057,0.007232394558940252,0.7232394558940253
KolektorSDD2,Kolektor_surface,train,anomaly,surface_defect,D:\patchcore\data\KolektorSDD2\train\10403.png,D:\patchcore\data\KolektorSDD2\train\10403_GT.png,234,648,151632,545,0.003594228131265168,0.3594228131265168
KolektorSDD2,Kolektor_surface,train,anomaly,surface_defect,D:\patchcore\data\KolektorSDD2\train\10414.png,D:\patchcore\data\KolektorSDD2\train\10414_GT.png,222,630,139860,4373,0.03126698126698127,3.126698126698127
KolektorSDD2,Kolektor_surface,train,anomaly,surface_defect,D:\patchcore\data\KolektorSDD2\train\10421.png,D:\patchcore\data\KolektorSDD2\train\10421_GT.png,230,641,147430,3177,0.021549209794478736,2.1549209794478736
KolektorSDD2,Kolektor_surface,train,anomaly,surface_defect,D:\patchcore\data\KolektorSDD2\train\10423.png,D:\patchcore\data\KolektorSDD2\train\10423_GT.png,231,640,147840,2891,0.01955492424242424,1.955492424242424
KolektorSDD2,Kolektor_surface,train,anomaly,surface_defect,D:\patchcore\data\KolektorSDD2\train\10426.png,D:\patchcore\data\KolektorSDD2\train\10426_GT.png,229,640,146560,1549,0.010569050218340611,1.0569050218340612
KolektorSDD2,Kolektor_surface,train,anomaly,surface_defect,D:\patchcore\data\KolektorSDD2\train\10457.png,D:\patchcore\data\KolektorSDD2\train\10457_GT.png,229,637,145873,515,0.0035304682840553085,0.35304682840553087
KolektorSDD2,Kolektor_surface,train,anomaly,surface_defect,D:\patchcore\data\KolektorSDD2\train\10466.png,D:\patchcore\data\KolektorSDD2\train\10466_GT.png,219,640,140160,3355,0.023936929223744293,2.3936929223744294
KolektorSDD2,Kolektor_surface,train,anomaly,surface_defect,D:\patchcore\data\KolektorSDD2\train\10478.png,D:\patchcore\data\KolektorSDD2\train\10478_GT.png,229,636,145644,8494,0.0583202878251078,5.83202878251078
KolektorSDD2,Kolektor_surface,train,anomaly,surface_defect,D:\patchcore\data\KolektorSDD2\train\10487.png,D:\patchcore\data\KolektorSDD2\train\10487_GT.png,207,636,131652,695,0.005279069060857412,0.5279069060857412
KolektorSDD2,Kolektor_surface,train,anomaly,surface_defect,D:\patchcore\data\KolektorSDD2\train\10499.png,D:\patchcore\data\KolektorSDD2\train\10499_GT.png,218,648,141264,2660,0.018829992071582285,1.8829992071582287
KolektorSDD2,Kolektor_surface,train,anomaly,surface_defect,D:\patchcore\data\KolektorSDD2\train\10502.png,D:\patchcore\data\KolektorSDD2\train\10502_GT.png,228,645,147060,232,0.0015775873793009655,0.15775873793009654
KolektorSDD2,Kolektor_surface,train,anomaly,surface_defect,D:\patchcore\data\KolektorSDD2\train\10506.png,D:\patchcore\data\KolektorSDD2\train\10506_GT.png,231,645,148995,959,0.006436457599248297,0.6436457599248298
KolektorSDD2,Kolektor_surface,train,anomaly,surface_defect,D:\patchcore\data\KolektorSDD2\train\10514.png,D:\patchcore\data\KolektorSDD2\train\10514_GT.png,228,637,145236,1335,0.009191935883665207,0.9191935883665207
KolektorSDD2,Kolektor_surface,train,anomaly,surface_defect,D:\patchcore\data\KolektorSDD2\train\10516.png,D:\patchcore\data\KolektorSDD2\train\10516_GT.png,232,633,146856,8360,0.056926513046794136,5.692651304679414
KolektorSDD2,Kolektor_surface,train,anomaly,surface_defect,D:\patchcore\data\KolektorSDD2\train\10536.png,D:\patchcore\data\KolektorSDD2\train\10536_GT.png,228,643,146604,4893,0.03337562413031022,3.337562413031022
KolektorSDD2,Kolektor_surface,train,anomaly,surface_defect,D:\patchcore\data\KolektorSDD2\train\10554.png,D:\patchcore\data\KolektorSDD2\train\10554_GT.png,232,629,145928,1261,0.008641247738610821,0.8641247738610821
KolektorSDD2,Kolektor_surface,train,anomaly,surface_defect,D:\patchcore\data\KolektorSDD2\train\10557.png,D:\patchcore\data\KolektorSDD2\train\10557_GT.png,225,635,142875,1434,0.010036745406824147,1.0036745406824148
KolektorSDD2,Kolektor_surface,train,anomaly,surface_defect,D:\patchcore\data\KolektorSDD2\train\10569.png,D:\patchcore\data\KolektorSDD2\train\10569_GT.png,229,642,147018,8917,0.06065243711654355,6.065243711654355
KolektorSDD2,Kolektor_surface,train,anomaly,surface_defect,D:\patchcore\data\KolektorSDD2\train\10574.png,D:\patchcore\data\KolektorSDD2\train\10574_GT.png,218,644,140392,5113,0.03641945409994871,3.641945409994871
KolektorSDD2,Kolektor_surface,train,anomaly,surface_defect,D:\patchcore\data\KolektorSDD2\train\10583.png,D:\patchcore\data\KolektorSDD2\train\10583_GT.png,234,645,150930,504,0.0033392963625521765,0.33392963625521765
KolektorSDD2,Kolektor_surface,train,anomaly,surface_defect,D:\patchcore\data\KolektorSDD2\train\10585.png,D:\patchcore\data\KolektorSDD2\train\10585_GT.png,228,646,147288,8076,0.05483135082287763,5.483135082287763
KolektorSDD2,Kolektor_surface,train,anomaly,surface_defect,D:\patchcore\data\KolektorSDD2\train\10602.png,D:\patchcore\data\KolektorSDD2\train\10602_GT.png,229,644,147476,1428,0.009682931460034174,0.9682931460034174
KolektorSDD2,Kolektor_surface,train,anomaly,surface_defect,D:\patchcore\data\KolektorSDD2\train\10612.png,D:\patchcore\data\KolektorSDD2\train\10612_GT.png,219,633,138627,1358,0.009796071472368297,0.9796071472368297
KolektorSDD2,Kolektor_surface,train,anomaly,surface_defect,D:\patchcore\data\KolektorSDD2\train\10618.png,D:\patchcore\data\KolektorSDD2\train\10618_GT.png,228,636,145008,1738,0.011985545625068962,1.1985545625068963
KolektorSDD2,Kolektor_surface,train,anomaly,surface_defect,D:\patchcore\data\KolektorSDD2\train\10628.png,D:\patchcore\data\KolektorSDD2\train\10628_GT.png,229,634,145186,3863,0.026607248632788287,2.6607248632788285
KolektorSDD2,Kolektor_surface,train,anomaly,surface_defect,D:\patchcore\data\KolektorSDD2\train\10637.png,D:\patchcore\data\KolektorSDD2\train\10637_GT.png,229,637,145873,1397,0.009576823675388866,0.9576823675388866
KolektorSDD2,Kolektor_surface,train,anomaly,surface_defect,D:\patchcore\data\KolektorSDD2\train\10638.png,D:\patchcore\data\KolektorSDD2\train\10638_GT.png,192,646,124032,8788,0.07085268317853458,7.0852683178534575
KolektorSDD2,Kolektor_surface,train,anomaly,surface_defect,D:\patchcore\data\KolektorSDD2\train\10647.png,D:\patchcore\data\KolektorSDD2\train\10647_GT.png,231,638,147378,794,0.005387506954905074,0.5387506954905074
KolektorSDD2,Kolektor_surface,train,anomaly,surface_defect,D:\patchcore\data\KolektorSDD2\train\10648.png,D:\patchcore\data\KolektorSDD2\train\10648_GT.png,228,638,145464,231,0.001588021778584392,0.1588021778584392
KolektorSDD2,Kolektor_surface,train,anomaly,surface_defect,D:\patchcore\data\KolektorSDD2\train\10654.png,D:\patchcore\data\KolektorSDD2\train\10654_GT.png,233,636,148188,2349,0.015851485950279375,1.5851485950279374
KolektorSDD2,Kolektor_surface,train,anomaly,surface_defect,D:\patchcore\data\KolektorSDD2\train\10659.png,D:\patchcore\data\KolektorSDD2\train\10659_GT.png,223,629,140267,962,0.006858348720654181,0.685834872065418
KolektorSDD2,Kolektor_surface,train,anomaly,surface_defect,D:\patchcore\data\KolektorSDD2\train\10661.png,D:\patchcore\data\KolektorSDD2\train\10661_GT.png,233,624,145392,3118,0.02144547155276769,2.144547155276769
KolektorSDD2,Kolektor_surface,train,anomaly,surface_defect,D:\patchcore\data\KolektorSDD2\train\10663.png,D:\patchcore\data\KolektorSDD2\train\10663_GT.png,237,640,151680,1689,0.011135284810126583,1.1135284810126582
KolektorSDD2,Kolektor_surface,train,anomaly,surface_defect,D:\patchcore\data\KolektorSDD2\train\10672.png,D:\patchcore\data\KolektorSDD2\train\10672_GT.png,238,634,150892,3649,0.02418285926357925,2.418285926357925
KolektorSDD2,Kolektor_surface,train,anomaly,surface_defect,D:\patchcore\data\KolektorSDD2\train\10677.png,D:\patchcore\data\KolektorSDD2\train\10677_GT.png,235,639,150165,64,0.0004261978490327307,0.04261978490327307
KolektorSDD2,Kolektor_surface,train,anomaly,surface_defect,D:\patchcore\data\KolektorSDD2\train\10678.png,D:\patchcore\data\KolektorSDD2\train\10678_GT.png,221,630,139230,2638,0.018947066005889534,1.8947066005889535
KolektorSDD2,Kolektor_surface,train,anomaly,surface_defect,D:\patchcore\data\KolektorSDD2\train\10695.png,D:\patchcore\data\KolektorSDD2\train\10695_GT.png,227,642,145734,1600,0.010978906775357844,1.0978906775357844
KolektorSDD2,Kolektor_surface,train,anomaly,surface_defect,D:\patchcore\data\KolektorSDD2\train\10707.png,D:\patchcore\data\KolektorSDD2\train\10707_GT.png,233,639,148887,749,0.005030660836741959,0.5030660836741959
KolektorSDD2,Kolektor_surface,train,anomaly,surface_defect,D:\patchcore\data\KolektorSDD2\train\10711.png,D:\patchcore\data\KolektorSDD2\train\10711_GT.png,233,629,146557,154,0.001050785701126524,0.10507857011265241
KolektorSDD2,Kolektor_surface,train,anomaly,surface_defect,D:\patchcore\data\KolektorSDD2\train\10712.png,D:\patchcore\data\KolektorSDD2\train\10712_GT.png,229,637,145873,6236,0.04274951498906583,4.274951498906583
KolektorSDD2,Kolektor_surface,train,anomaly,surface_defect,D:\patchcore\data\KolektorSDD2\train\10714.png,D:\patchcore\data\KolektorSDD2\train\10714_GT.png,230,642,147660,606,0.004104022754977651,0.41040227549776515
KolektorSDD2,Kolektor_surface,train,anomaly,surface_defect,D:\patchcore\data\KolektorSDD2\train\10727.png,D:\patchcore\data\KolektorSDD2\train\10727_GT.png,232,640,148480,386,0.002599676724137931,0.2599676724137931
KolektorSDD2,Kolektor_surface,train,anomaly,surface_defect,D:\patchcore\data\KolektorSDD2\train\10729.png,D:\patchcore\data\KolektorSDD2\train\10729_GT.png,232,640,148480,500,0.003367456896551724,0.3367456896551724
KolektorSDD2,Kolektor_surface,train,anomaly,surface_defect,D:\patchcore\data\KolektorSDD2\train\10743.png,D:\patchcore\data\KolektorSDD2\train\10743_GT.png,230,632,145360,3959,0.027235828288387453,2.723582828838745
KolektorSDD2,Kolektor_surface,train,anomaly,surface_defect,D:\patchcore\data\KolektorSDD2\train\10756.png,D:\patchcore\data\KolektorSDD2\train\10756_GT.png,233,646,150518,3731,0.024787733028607876,2.4787733028607875
KolektorSDD2,Kolektor_surface,train,anomaly,surface_defect,D:\patchcore\data\KolektorSDD2\train\10770.png,D:\patchcore\data\KolektorSDD2\train\10770_GT.png,230,640,147200,1187,0.008063858695652173,0.8063858695652173
KolektorSDD2,Kolektor_surface,train,anomaly,surface_defect,D:\patchcore\data\KolektorSDD2\train\10774.png,D:\patchcore\data\KolektorSDD2\train\10774_GT.png,233,638,148654,1152,0.007749539198407039,0.7749539198407038
KolektorSDD2,Kolektor_surface,train,anomaly,surface_defect,D:\patchcore\data\KolektorSDD2\train\10797.png,D:\patchcore\data\KolektorSDD2\train\10797_GT.png,220,632,139040,5271,0.037909953970080554,3.7909953970080554
KolektorSDD2,Kolektor_surface,train,anomaly,surface_defect,D:\patchcore\data\KolektorSDD2\train\10808.png,D:\patchcore\data\KolektorSDD2\train\10808_GT.png,226,631,142606,1802,0.012636214465029522,1.263621446502952
KolektorSDD2,Kolektor_surface,train,anomaly,surface_defect,D:\patchcore\data\KolektorSDD2\train\10821.png,D:\patchcore\data\KolektorSDD2\train\10821_GT.png,228,634,144552,7466,0.05164923349382921,5.164923349382921
KolektorSDD2,Kolektor_surface,train,anomaly,surface_defect,D:\patchcore\data\KolektorSDD2\train\10844.png,D:\patchcore\data\KolektorSDD2\train\10844_GT.png,227,640,145280,78,0.0005368942731277533,0.053689427312775324
KolektorSDD2,Kolektor_surface,train,anomaly,surface_defect,D:\patchcore\data\KolektorSDD2\train\10845.png,D:\patchcore\data\KolektorSDD2\train\10845_GT.png,231,635,146685,2097,0.014295940280192248,1.4295940280192247
KolektorSDD2,Kolektor_surface,train,anomaly,surface_defect,D:\patchcore\data\KolektorSDD2\train\10846.png,D:\patchcore\data\KolektorSDD2\train\10846_GT.png,231,642,148302,7403,0.04991840973149384,4.991840973149384
KolektorSDD2,Kolektor_surface,train,anomaly,surface_defect,D:\patchcore\data\KolektorSDD2\train\10849.png,D:\patchcore\data\KolektorSDD2\train\10849_GT.png,231,633,146223,2534,0.017329695054813538,1.7329695054813539
KolektorSDD2,Kolektor_surface,train,anomaly,surface_defect,D:\patchcore\data\KolektorSDD2\train\10869.png,D:\patchcore\data\KolektorSDD2\train\10869_GT.png,230,643,147890,5165,0.03492460612617486,3.492460612617486
KolektorSDD2,Kolektor_surface,train,anomaly,surface_defect,D:\patchcore\data\KolektorSDD2\train\10874.png,D:\patchcore\data\KolektorSDD2\train\10874_GT.png,229,638,146102,92,0.0006296970609574133,0.06296970609574133
KolektorSDD2,Kolektor_surface,train,anomaly,surface_defect,D:\patchcore\data\KolektorSDD2\train\10893.png,D:\patchcore\data\KolektorSDD2\train\10893_GT.png,227,634,143918,1202,0.008351978209813923,0.8351978209813923
KolektorSDD2,Kolektor_surface,train,anomaly,surface_defect,D:\patchcore\data\KolektorSDD2\train\10900.png,D:\patchcore\data\KolektorSDD2\train\10900_GT.png,238,642,152796,940,0.006151993507683447,0.6151993507683448
KolektorSDD2,Kolektor_surface,train,anomaly,surface_defect,D:\patchcore\data\KolektorSDD2\train\10905.png,D:\patchcore\data\KolektorSDD2\train\10905_GT.png,228,636,145008,1906,0.013144102394350656,1.3144102394350656
KolektorSDD2,Kolektor_surface,train,anomaly,surface_defect,D:\patchcore\data\KolektorSDD2\train\10907.png,D:\patchcore\data\KolektorSDD2\train\10907_GT.png,226,634,143284,24633,0.17191731107450936,17.191731107450934
KolektorSDD2,Kolektor_surface,train,anomaly,surface_defect,D:\patchcore\data\KolektorSDD2\train\10951.png,D:\patchcore\data\KolektorSDD2\train\10951_GT.png,227,636,144372,1731,0.011989859529548666,1.1989859529548665
KolektorSDD2,Kolektor_surface,train,anomaly,surface_defect,D:\patchcore\data\KolektorSDD2\train\10952.png,D:\patchcore\data\KolektorSDD2\train\10952_GT.png,228,643,146604,14727,0.10045428501268724,10.045428501268724
KolektorSDD2,Kolektor_surface,train,anomaly,surface_defect,D:\patchcore\data\KolektorSDD2\train\11002.png,D:\patchcore\data\KolektorSDD2\train\11002_GT.png,227,636,144372,2436,0.01687307788213781,1.687307788213781
KolektorSDD2,Kolektor_surface,train,anomaly,surface_defect,D:\patchcore\data\KolektorSDD2\train\11003.png,D:\patchcore\data\KolektorSDD2\train\11003_GT.png,224,631,141344,3671,0.02597209644555128,2.597209644555128
KolektorSDD2,Kolektor_surface,train,anomaly,surface_defect,D:\patchcore\data\KolektorSDD2\train\11012.png,D:\patchcore\data\KolektorSDD2\train\11012_GT.png,224,632,141568,343,0.002422863924050633,0.24228639240506328
KolektorSDD2,Kolektor_surface,train,anomaly,surface_defect,D:\patchcore\data\KolektorSDD2\train\11025.png,D:\patchcore\data\KolektorSDD2\train\11025_GT.png,231,633,146223,2221,0.015189128933204763,1.5189128933204763
KolektorSDD2,Kolektor_surface,train,anomaly,surface_defect,D:\patchcore\data\KolektorSDD2\train\11040.png,D:\patchcore\data\KolektorSDD2\train\11040_GT.png,231,633,146223,774,0.005293284914137995,0.5293284914137995
KolektorSDD2,Kolektor_surface,train,anomaly,surface_defect,D:\patchcore\data\KolektorSDD2\train\11052.png,D:\patchcore\data\KolektorSDD2\train\11052_GT.png,225,628,141300,3271,0.023149327671620666,2.3149327671620665
KolektorSDD2,Kolektor_surface,train,anomaly,surface_defect,D:\patchcore\data\KolektorSDD2\train\11061.png,D:\patchcore\data\KolektorSDD2\train\11061_GT.png,229,645,147705,2737,0.018530178396127417,1.8530178396127417
KolektorSDD2,Kolektor_surface,train,anomaly,surface_defect,D:\patchcore\data\KolektorSDD2\train\11074.png,D:\patchcore\data\KolektorSDD2\train\11074_GT.png,235,644,151340,3868,0.025558345447337122,2.5558345447337123
KolektorSDD2,Kolektor_surface,train,anomaly,surface_defect,D:\patchcore\data\KolektorSDD2\train\11088.png,D:\patchcore\data\KolektorSDD2\train\11088_GT.png,236,637,150332,7156,0.04760130910251976,4.760130910251976
KolektorSDD2,Kolektor_surface,train,anomaly,surface_defect,D:\patchcore\data\KolektorSDD2\train\11093.png,D:\patchcore\data\KolektorSDD2\train\11093_GT.png,236,647,152692,650,0.0042569355303486755,0.42569355303486756
KolektorSDD2,Kolektor_surface,train,anomaly,surface_defect,D:\patchcore\data\KolektorSDD2\train\11094.png,D:\patchcore\data\KolektorSDD2\train\11094_GT.png,229,637,145873,1117,0.0076573457733782125,0.7657345773378212
KolektorSDD2,Kolektor_surface,train,anomaly,surface_defect,D:\patchcore\data\KolektorSDD2\train\11101.png,D:\patchcore\data\KolektorSDD2\train\11101_GT.png,229,634,145186,13146,0.09054592040554875,9.054592040554875
KolektorSDD2,Kolektor_surface,train,anomaly,surface_defect,D:\patchcore\data\KolektorSDD2\train\11135.png,D:\patchcore\data\KolektorSDD2\train\11135_GT.png,229,628,143812,1502,0.010444191027174367,1.0444191027174368
KolektorSDD2,Kolektor_surface,train,anomaly,surface_defect,D:\patchcore\data\KolektorSDD2\train\11139.png,D:\patchcore\data\KolektorSDD2\train\11139_GT.png,228,631,143868,5794,0.04027302805349348,4.027302805349349
KolektorSDD2,Kolektor_surface,train,anomaly,surface_defect,D:\patchcore\data\KolektorSDD2\train\11169.png,D:\patchcore\data\KolektorSDD2\train\11169_GT.png,235,647,152045,532,0.0034989641224637442,0.3498964122463744
KolektorSDD2,Kolektor_surface,train,anomaly,surface_defect,D:\patchcore\data\KolektorSDD2\train\11178.png,D:\patchcore\data\KolektorSDD2\train\11178_GT.png,233,639,148887,7049,0.047344630491580865,4.734463049158086
KolektorSDD2,Kolektor_surface,train,anomaly,surface_defect,D:\patchcore\data\KolektorSDD2\train\11187.png,D:\patchcore\data\KolektorSDD2\train\11187_GT.png,238,639,152082,1249,0.008212674741258006,0.8212674741258006
KolektorSDD2,Kolektor_surface,train,anomaly,surface_defect,D:\patchcore\data\KolektorSDD2\train\11190.png,D:\patchcore\data\KolektorSDD2\train\11190_GT.png,232,637,147784,3671,0.024840307475775456,2.484030747577546
KolektorSDD2,Kolektor_surface,train,anomaly,surface_defect,D:\patchcore\data\KolektorSDD2\train\11195.png,D:\patchcore\data\KolektorSDD2\train\11195_GT.png,235,638,149930,4356,0.02905355832721937,2.905355832721937
KolektorSDD2,Kolektor_surface,train,anomaly,surface_defect,D:\patchcore\data\KolektorSDD2\train\11214.png,D:\patchcore\data\KolektorSDD2\train\11214_GT.png,231,637,147147,17701,0.12029467131507948,12.029467131507948
KolektorSDD2,Kolektor_surface,train,anomaly,surface_defect,D:\patchcore\data\KolektorSDD2\train\11228.png,D:\patchcore\data\KolektorSDD2\train\11228_GT.png,232,639,148248,6220,0.04195672116993147,4.195672116993147
KolektorSDD2,Kolektor_surface,train,anomaly,surface_defect,D:\patchcore\data\KolektorSDD2\train\11230.png,D:\patchcore\data\KolektorSDD2\train\11230_GT.png,234,638,149292,62,0.0004152935187417946,0.04152935187417946
KolektorSDD2,Kolektor_surface,train,anomaly,surface_defect,D:\patchcore\data\KolektorSDD2\train\11242.png,D:\patchcore\data\KolektorSDD2\train\11242_GT.png,228,647,147516,3718,0.02520404566284335,2.520404566284335
KolektorSDD2,Kolektor_surface,train,anomaly,surface_defect,D:\patchcore\data\KolektorSDD2\train\11250.png,D:\patchcore\data\KolektorSDD2\train\11250_GT.png,232,637,147784,2293,0.015515888052833866,1.5515888052833866
KolektorSDD2,Kolektor_surface,train,anomaly,surface_defect,D:\patchcore\data\KolektorSDD2\train\11258.png,D:\patchcore\data\KolektorSDD2\train\11258_GT.png,237,633,150021,1737,0.011578379026936229,1.157837902693623
KolektorSDD2,Kolektor_surface,train,anomaly,surface_defect,D:\patchcore\data\KolektorSDD2\train\11269.png,D:\patchcore\data\KolektorSDD2\train\11269_GT.png,236,642,151512,162,0.0010692222398225883,0.10692222398225883
KolektorSDD2,Kolektor_surface,train,anomaly,surface_defect,D:\patchcore\data\KolektorSDD2\train\11282.png,D:\patchcore\data\KolektorSDD2\train\11282_GT.png,228,630,143640,1635,0.011382623224728487,1.1382623224728488
KolektorSDD2,Kolektor_surface,train,anomaly,surface_defect,D:\patchcore\data\KolektorSDD2\train\11299.png,D:\patchcore\data\KolektorSDD2\train\11299_GT.png,231,640,147840,2742,0.018547077922077923,1.8547077922077924
KolektorSDD2,Kolektor_surface,train,anomaly,surface_defect,D:\patchcore\data\KolektorSDD2\train\11315.png,D:\patchcore\data\KolektorSDD2\train\11315_GT.png,226,655,148030,16070,0.10855907586300075,10.855907586300075
KolektorSDD2,Kolektor_surface,train,anomaly,surface_defect,D:\patchcore\data\KolektorSDD2\train\11339.png,D:\patchcore\data\KolektorSDD2\train\11339_GT.png,228,636,145008,642,0.004427341939755048,0.4427341939755048
KolektorSDD2,Kolektor_surface,train,anomaly,surface_defect,D:\patchcore\data\KolektorSDD2\train\11350.png,D:\patchcore\data\KolektorSDD2\train\11350_GT.png,230,642,147660,2222,0.015048083434918055,1.5048083434918056
KolektorSDD2,Kolektor_surface,train,anomaly,surface_defect,D:\patchcore\data\KolektorSDD2\train\11351.png,D:\patchcore\data\KolektorSDD2\train\11351_GT.png,221,629,139009,2841,0.020437525627837048,2.043752562783705
KolektorSDD2,Kolektor_surface,train,anomaly,surface_defect,D:\patchcore\data\KolektorSDD2\train\11360.png,D:\patchcore\data\KolektorSDD2\train\11360_GT.png,228,644,146832,1000,0.006810504522175003,0.6810504522175003
KolektorSDD2,Kolektor_surface,train,anomaly,surface_defect,D:\patchcore\data\KolektorSDD2\train\11363.png,D:\patchcore\data\KolektorSDD2\train\11363_GT.png,231,625,144375,861,0.005963636363636364,0.5963636363636363
KolektorSDD2,Kolektor_surface,train,anomaly,surface_defect,D:\patchcore\data\KolektorSDD2\train\11364.png,D:\patchcore\data\KolektorSDD2\train\11364_GT.png,237,650,154050,531,0.0034469328140214217,0.34469328140214217
KolektorSDD2,Kolektor_surface,train,anomaly,surface_defect,D:\patchcore\data\KolektorSDD2\train\11386.png,D:\patchcore\data\KolektorSDD2\train\11386_GT.png,226,628,141928,839,0.00591144805817034,0.591144805817034
KolektorSDD2,Kolektor_surface,train,anomaly,surface_defect,D:\patchcore\data\KolektorSDD2\train\11388.png,D:\patchcore\data\KolektorSDD2\train\11388_GT.png,234,633,148122,2273,0.015345458473420559,1.534545847342056
KolektorSDD2,Kolektor_surface,train,anomaly,surface_defect,D:\patchcore\data\KolektorSDD2\train\11398.png,D:\patchcore\data\KolektorSDD2\train\11398_GT.png,225,647,145575,7012,0.0481676111969775,4.81676111969775
KolektorSDD2,Kolektor_surface,train,anomaly,surface_defect,D:\patchcore\data\KolektorSDD2\train\11404.png,D:\patchcore\data\KolektorSDD2\train\11404_GT.png,227,636,144372,3847,0.026646441138170836,2.6646441138170838
KolektorSDD2,Kolektor_surface,train,anomaly,surface_defect,D:\patchcore\data\KolektorSDD2\train\11417.png,D:\patchcore\data\KolektorSDD2\train\11417_GT.png,229,634,145186,627,0.004318598211948811,0.4318598211948811
KolektorSDD2,Kolektor_surface,train,anomaly,surface_defect,D:\patchcore\data\KolektorSDD2\train\11430.png,D:\patchcore\data\KolektorSDD2\train\11430_GT.png,230,629,144670,3987,0.027559272827815028,2.755927282781503
KolektorSDD2,Kolektor_surface,train,anomaly,surface_defect,D:\patchcore\data\KolektorSDD2\train\11432.png,D:\patchcore\data\KolektorSDD2\train\11432_GT.png,231,640,147840,2066,0.0139745670995671,1.39745670995671
KolektorSDD2,Kolektor_surface,train,anomaly,surface_defect,D:\patchcore\data\KolektorSDD2\train\11444.png,D:\patchcore\data\KolektorSDD2\train\11444_GT.png,235,647,152045,2204,0.014495708507349797,1.4495708507349798
KolektorSDD2,Kolektor_surface,train,anomaly,surface_defect,D:\patchcore\data\KolektorSDD2\train\11447.png,D:\patchcore\data\KolektorSDD2\train\11447_GT.png,234,633,148122,3090,0.020861181998622757,2.0861181998622755
KolektorSDD2,Kolektor_surface,train,anomaly,surface_defect,D:\patchcore\data\KolektorSDD2\train\11458.png,D:\patchcore\data\KolektorSDD2\train\11458_GT.png,226,635,143510,471,0.003282001254267995,0.32820012542679955
KolektorSDD2,Kolektor_surface,train,anomaly,surface_defect,D:\patchcore\data\KolektorSDD2\train\11477.png,D:\patchcore\data\KolektorSDD2\train\11477_GT.png,230,642,147660,2528,0.01712041175673845,1.7120411756738452
KolektorSDD2,Kolektor_surface,train,anomaly,surface_defect,D:\patchcore\data\KolektorSDD2\train\11481.png,D:\patchcore\data\KolektorSDD2\train\11481_GT.png,227,632,143464,852,0.005938772096135616,0.5938772096135616
KolektorSDD2,Kolektor_surface,train,anomaly,surface_defect,D:\patchcore\data\KolektorSDD2\train\11482.png,D:\patchcore\data\KolektorSDD2\train\11482_GT.png,235,632,148520,265,0.0017842714785887422,0.17842714785887423
KolektorSDD2,Kolektor_surface,train,anomaly,surface_defect,D:\patchcore\data\KolektorSDD2\train\11500.png,D:\patchcore\data\KolektorSDD2\train\11500_GT.png,226,630,142380,5461,0.0383551060542211,3.83551060542211
KolektorSDD2,Kolektor_surface,train,anomaly,surface_defect,D:\patchcore\data\KolektorSDD2\train\11506.png,D:\patchcore\data\KolektorSDD2\train\11506_GT.png,226,634,143284,883,0.006162586192456939,0.6162586192456939
KolektorSDD2,Kolektor_surface,train,anomaly,surface_defect,D:\patchcore\data\KolektorSDD2\train\11512.png,D:\patchcore\data\KolektorSDD2\train\11512_GT.png,229,642,147018,177,0.0012039342121372893,0.12039342121372894
KolektorSDD2,Kolektor_surface,train,anomaly,surface_defect,D:\patchcore\data\KolektorSDD2\train\11543.png,D:\patchcore\data\KolektorSDD2\train\11543_GT.png,230,630,144900,3201,0.022091097308488614,2.209109730848861
KolektorSDD2,Kolektor_surface,train,anomaly,surface_defect,D:\patchcore\data\KolektorSDD2\train\11549.png,D:\patchcore\data\KolektorSDD2\train\11549_GT.png,216,634,136944,2912,0.021264166374576468,2.126416637457647
KolektorSDD2,Kolektor_surface,train,anomaly,surface_defect,D:\patchcore\data\KolektorSDD2\train\11553.png,D:\patchcore\data\KolektorSDD2\train\11553_GT.png,229,630,144270,607,0.004207388923546129,0.42073889235461287
KolektorSDD2,Kolektor_surface,train,anomaly,surface_defect,D:\patchcore\data\KolektorSDD2\train\11568.png,D:\patchcore\data\KolektorSDD2\train\11568_GT.png,230,640,147200,988,0.00671195652173913,0.671195652173913
KolektorSDD2,Kolektor_surface,train,anomaly,surface_defect,D:\patchcore\data\KolektorSDD2\train\11573.png,D:\patchcore\data\KolektorSDD2\train\11573_GT.png,233,642,149586,3702,0.024748305322690626,2.4748305322690625
KolektorSDD2,Kolektor_surface,train,anomaly,surface_defect,D:\patchcore\data\KolektorSDD2\train\11574.png,D:\patchcore\data\KolektorSDD2\train\11574_GT.png,231,640,147840,5103,0.03451704545454545,3.4517045454545454
KolektorSDD2,Kolektor_surface,train,anomaly,surface_defect,D:\patchcore\data\KolektorSDD2\train\11584.png,D:\patchcore\data\KolektorSDD2\train\11584_GT.png,228,639,145692,6511,0.04469016830024984,4.469016830024984
KolektorSDD2,Kolektor_surface,train,anomaly,surface_defect,D:\patchcore\data\KolektorSDD2\train\11585.png,D:\patchcore\data\KolektorSDD2\train\11585_GT.png,224,631,141344,3683,0.026056995698437852,2.605699569843785
KolektorSDD2,Kolektor_surface,train,anomaly,surface_defect,D:\patchcore\data\KolektorSDD2\train\11590.png,D:\patchcore\data\KolektorSDD2\train\11590_GT.png,227,643,145961,5760,0.03946259617295031,3.946259617295031
KolektorSDD2,Kolektor_surface,train,anomaly,surface_defect,D:\patchcore\data\KolektorSDD2\train\11601.png,D:\patchcore\data\KolektorSDD2\train\11601_GT.png,233,643,149819,3378,0.02254720696306877,2.254720696306877
KolektorSDD2,Kolektor_surface,train,anomaly,surface_defect,D:\patchcore\data\KolektorSDD2\train\11612.png,D:\patchcore\data\KolektorSDD2\train\11612_GT.png,229,640,146560,9232,0.06299126637554585,6.2991266375545845
KolektorSDD2,Kolektor_surface,train,anomaly,surface_defect,D:\patchcore\data\KolektorSDD2\train\11616.png,D:\patchcore\data\KolektorSDD2\train\11616_GT.png,232,641,148712,981,0.006596643176071871,0.659664317607187
KolektorSDD2,Kolektor_surface,train,anomaly,surface_defect,D:\patchcore\data\KolektorSDD2\train\11629.png,D:\patchcore\data\KolektorSDD2\train\11629_GT.png,228,638,145464,12423,0.08540257383270088,8.540257383270088
KolektorSDD2,Kolektor_surface,train,anomaly,surface_defect,D:\patchcore\data\KolektorSDD2\train\11632.png,D:\patchcore\data\KolektorSDD2\train\11632_GT.png,231,638,147378,931,0.006317089389189703,0.6317089389189703
KolektorSDD2,Kolektor_surface,train,anomaly,surface_defect,D:\patchcore\data\KolektorSDD2\train\11641.png,D:\patchcore\data\KolektorSDD2\train\11641_GT.png,231,635,146685,939,0.006401472543204827,0.6401472543204827
KolektorSDD2,Kolektor_surface,train,anomaly,surface_defect,D:\patchcore\data\KolektorSDD2\train\11642.png,D:\patchcore\data\KolektorSDD2\train\11642_GT.png,233,638,148654,9764,0.06568272633094299,6.568272633094299
KolektorSDD2,Kolektor_surface,train,anomaly,surface_defect,D:\patchcore\data\KolektorSDD2\train\11643.png,D:\patchcore\data\KolektorSDD2\train\11643_GT.png,232,634,147088,137,0.000931415207222887,0.09314152072228869
KolektorSDD2,Kolektor_surface,train,anomaly,surface_defect,D:\patchcore\data\KolektorSDD2\train\11658.png,D:\patchcore\data\KolektorSDD2\train\11658_GT.png,228,638,145464,202,0.0013886597371170874,0.13886597371170875
KolektorSDD2,Kolektor_surface,train,anomaly,surface_defect,D:\patchcore\data\KolektorSDD2\train\11662.png,D:\patchcore\data\KolektorSDD2\train\11662_GT.png,230,636,146280,949,0.006487558107738584,0.6487558107738584
KolektorSDD2,Kolektor_surface,train,anomaly,surface_defect,D:\patchcore\data\KolektorSDD2\train\11669.png,D:\patchcore\data\KolektorSDD2\train\11669_GT.png,233,647,150751,2171,0.014401231169279143,1.4401231169279143
KolektorSDD2,Kolektor_surface,train,anomaly,surface_defect,D:\patchcore\data\KolektorSDD2\train\11670.png,D:\patchcore\data\KolektorSDD2\train\11670_GT.png,227,636,144372,6006,0.04160086443354667,4.160086443354667
KolektorSDD2,Kolektor_surface,train,anomaly,surface_defect,D:\patchcore\data\KolektorSDD2\train\11695.png,D:\patchcore\data\KolektorSDD2\train\11695_GT.png,202,640,129280,504,0.0038985148514851485,0.38985148514851486
KolektorSDD2,Kolektor_surface,train,anomaly,surface_defect,D:\patchcore\data\KolektorSDD2\train\11711.png,D:\patchcore\data\KolektorSDD2\train\11711_GT.png,235,644,151340,1085,0.007169287696577244,0.7169287696577243
KolektorSDD2,Kolektor_surface,train,anomaly,surface_defect,D:\patchcore\data\KolektorSDD2\train\11713.png,D:\patchcore\data\KolektorSDD2\train\11713_GT.png,229,637,145873,2191,0.01501991458323336,1.501991458323336
KolektorSDD2,Kolektor_surface,train,anomaly,surface_defect,D:\patchcore\data\KolektorSDD2\train\11739.png,D:\patchcore\data\KolektorSDD2\train\11739_GT.png,214,639,136746,864,0.006318283532973542,0.6318283532973542
KolektorSDD2,Kolektor_surface,train,anomaly,surface_defect,D:\patchcore\data\KolektorSDD2\train\11746.png,D:\patchcore\data\KolektorSDD2\train\11746_GT.png,228,638,145464,5800,0.03987240829346093,3.9872408293460926
KolektorSDD2,Kolektor_surface,train,anomaly,surface_defect,D:\patchcore\data\KolektorSDD2\train\11750.png,D:\patchcore\data\KolektorSDD2\train\11750_GT.png,228,639,145692,3436,0.02358399912143426,2.358399912143426
KolektorSDD2,Kolektor_surface,train,anomaly,surface_defect,D:\patchcore\data\KolektorSDD2\train\11755.png,D:\patchcore\data\KolektorSDD2\train\11755_GT.png,233,638,148654,1556,0.01046725954229284,1.046725954229284
KolektorSDD2,Kolektor_surface,train,anomaly,surface_defect,D:\patchcore\data\KolektorSDD2\train\11770.png,D:\patchcore\data\KolektorSDD2\train\11770_GT.png,224,632,141568,8743,0.06175830696202532,6.1758306962025316
KolektorSDD2,Kolektor_surface,train,anomaly,surface_defect,D:\patchcore\data\KolektorSDD2\train\11775.png,D:\patchcore\data\KolektorSDD2\train\11775_GT.png,229,633,144957,2558,0.017646612443690198,1.7646612443690197
KolektorSDD2,Kolektor_surface,train,anomaly,surface_defect,D:\patchcore\data\KolektorSDD2\train\11800.png,D:\patchcore\data\KolektorSDD2\train\11800_GT.png,216,626,135216,3439,0.02543338066501006,2.543338066501006
KolektorSDD2,Kolektor_surface,train,anomaly,surface_defect,D:\patchcore\data\KolektorSDD2\train\11804.png,D:\patchcore\data\KolektorSDD2\train\11804_GT.png,224,638,142912,3800,0.026589789520824005,2.6589789520824003
KolektorSDD2,Kolektor_surface,train,anomaly,surface_defect,D:\patchcore\data\KolektorSDD2\train\11808.png,D:\patchcore\data\KolektorSDD2\train\11808_GT.png,196,637,124852,5032,0.04030371960401115,4.030371960401115
KolektorSDD2,Kolektor_surface,train,anomaly,surface_defect,D:\patchcore\data\KolektorSDD2\train\11810.png,D:\patchcore\data\KolektorSDD2\train\11810_GT.png,231,640,147840,1828,0.012364718614718615,1.2364718614718615
KolektorSDD2,Kolektor_surface,train,anomaly,surface_defect,D:\patchcore\data\KolektorSDD2\train\11832.png,D:\patchcore\data\KolektorSDD2\train\11832_GT.png,228,636,145008,3002,0.02070230607966457,2.070230607966457
KolektorSDD2,Kolektor_surface,train,anomaly,surface_defect,D:\patchcore\data\KolektorSDD2\train\11836.png,D:\patchcore\data\KolektorSDD2\train\11836_GT.png,229,637,145873,1802,0.012353211355082846,1.2353211355082847
KolektorSDD2,Kolektor_surface,train,anomaly,surface_defect,D:\patchcore\data\KolektorSDD2\train\11851.png,D:\patchcore\data\KolektorSDD2\train\11851_GT.png,232,644,149408,2498,0.016719318911972585,1.6719318911972585
KolektorSDD2,Kolektor_surface,train,anomaly,surface_defect,D:\patchcore\data\KolektorSDD2\train\11858.png,D:\patchcore\data\KolektorSDD2\train\11858_GT.png,232,627,145464,1468,0.01009184403013804,1.009184403013804
KolektorSDD2,Kolektor_surface,train,anomaly,surface_defect,D:\patchcore\data\KolektorSDD2\train\11867.png,D:\patchcore\data\KolektorSDD2\train\11867_GT.png,230,628,144440,206,0.0014261977291608972,0.1426197729160897
KolektorSDD2,Kolektor_surface,train,anomaly,surface_defect,D:\patchcore\data\KolektorSDD2\train\11870.png,D:\patchcore\data\KolektorSDD2\train\11870_GT.png,230,642,147660,3687,0.024969524583502642,2.4969524583502642
KolektorSDD2,Kolektor_surface,train,anomaly,surface_defect,D:\patchcore\data\KolektorSDD2\train\11874.png,D:\patchcore\data\KolektorSDD2\train\11874_GT.png,229,629,144041,24688,0.17139564429572135,17.139564429572136
KolektorSDD2,Kolektor_surface,train,anomaly,surface_defect,D:\patchcore\data\KolektorSDD2\train\11884.png,D:\patchcore\data\KolektorSDD2\train\11884_GT.png,231,633,146223,1480,0.010121526709204434,1.0121526709204434
KolektorSDD2,Kolektor_surface,train,anomaly,surface_defect,D:\patchcore\data\KolektorSDD2\train\11899.png,D:\patchcore\data\KolektorSDD2\train\11899_GT.png,227,632,143464,5368,0.03741705236156806,3.7417052361568057
KolektorSDD2,Kolektor_surface,train,anomaly,surface_defect,D:\patchcore\data\KolektorSDD2\train\11905.png,D:\patchcore\data\KolektorSDD2\train\11905_GT.png,228,629,143412,4521,0.0315245586143419,3.15245586143419
KolektorSDD2,Kolektor_surface,train,anomaly,surface_defect,D:\patchcore\data\KolektorSDD2\train\11912.png,D:\patchcore\data\KolektorSDD2\train\11912_GT.png,230,635,146050,96,0.000657309140705238,0.0657309140705238
KolektorSDD2,Kolektor_surface,train,anomaly,surface_defect,D:\patchcore\data\KolektorSDD2\train\11917.png,D:\patchcore\data\KolektorSDD2\train\11917_GT.png,230,637,146510,7182,0.04902054467271859,4.902054467271859
KolektorSDD2,Kolektor_surface,train,anomaly,surface_defect,D:\patchcore\data\KolektorSDD2\train\11920.png,D:\patchcore\data\KolektorSDD2\train\11920_GT.png,231,637,147147,525,0.0035678607107178534,0.35678607107178534
KolektorSDD2,Kolektor_surface,train,anomaly,surface_defect,D:\patchcore\data\KolektorSDD2\train\11923.png,D:\patchcore\data\KolektorSDD2\train\11923_GT.png,229,639,146331,6600,0.04510322488057896,4.510322488057896
KolektorSDD2,Kolektor_surface,train,anomaly,surface_defect,D:\patchcore\data\KolektorSDD2\train\11924.png,D:\patchcore\data\KolektorSDD2\train\11924_GT.png,229,645,147705,1494,0.010114755763176601,1.0114755763176602
KolektorSDD2,Kolektor_surface,train,anomaly,surface_defect,D:\patchcore\data\KolektorSDD2\train\11927.png,D:\patchcore\data\KolektorSDD2\train\11927_GT.png,229,638,146102,607,0.004154631695664672,0.4154631695664672
KolektorSDD2,Kolektor_surface,train,anomaly,surface_defect,D:\patchcore\data\KolektorSDD2\train\11956.png,D:\patchcore\data\KolektorSDD2\train\11956_GT.png,231,641,148071,2056,0.01388523073390468,1.388523073390468
KolektorSDD2,Kolektor_surface,train,anomaly,surface_defect,D:\patchcore\data\KolektorSDD2\train\11957.png,D:\patchcore\data\KolektorSDD2\train\11957_GT.png,226,641,144866,1234,0.008518216834868085,0.8518216834868084
KolektorSDD2,Kolektor_surface,train,anomaly,surface_defect,D:\patchcore\data\KolektorSDD2\train\11962.png,D:\patchcore\data\KolektorSDD2\train\11962_GT.png,231,640,147840,1499,0.010139339826839826,1.0139339826839826
KolektorSDD2,Kolektor_surface,train,anomaly,surface_defect,D:\patchcore\data\KolektorSDD2\train\11969.png,D:\patchcore\data\KolektorSDD2\train\11969_GT.png,227,621,140967,692,0.004908950321706499,0.4908950321706499
KolektorSDD2,Kolektor_surface,train,anomaly,surface_defect,D:\patchcore\data\KolektorSDD2\train\11980.png,D:\patchcore\data\KolektorSDD2\train\11980_GT.png,231,641,148071,2249,0.015188659494431725,1.5188659494431724
KolektorSDD2,Kolektor_surface,train,anomaly,surface_defect,D:\patchcore\data\KolektorSDD2\train\11986.png,D:\patchcore\data\KolektorSDD2\train\11986_GT.png,230,636,146280,693,0.004737489745693191,0.47374897456931914
KolektorSDD2,Kolektor_surface,train,anomaly,surface_defect,D:\patchcore\data\KolektorSDD2\train\12008.png,D:\patchcore\data\KolektorSDD2\train\12008_GT.png,234,641,149994,7819,0.05212875181673934,5.212875181673934
KolektorSDD2,Kolektor_surface,train,anomaly,surface_defect,D:\patchcore\data\KolektorSDD2\train\12026.png,D:\patchcore\data\KolektorSDD2\train\12026_GT.png,233,635,147955,3550,0.023993781893143187,2.3993781893143185
KolektorSDD2,Kolektor_surface,train,anomaly,surface_defect,D:\patchcore\data\KolektorSDD2\train\12028.png,D:\patchcore\data\KolektorSDD2\train\12028_GT.png,229,634,145186,562,0.003870896642927004,0.3870896642927004
KolektorSDD2,Kolektor_surface,train,anomaly,surface_defect,D:\patchcore\data\KolektorSDD2\train\12041.png,D:\patchcore\data\KolektorSDD2\train\12041_GT.png,229,631,144499,300,0.002076138935217545,0.2076138935217545
KolektorSDD2,Kolektor_surface,train,anomaly,surface_defect,D:\patchcore\data\KolektorSDD2\train\12050.png,D:\patchcore\data\KolektorSDD2\train\12050_GT.png,230,627,144210,1495,0.01036682615629984,1.036682615629984
KolektorSDD2,Kolektor_surface,train,anomaly,surface_defect,D:\patchcore\data\KolektorSDD2\train\12056.png,D:\patchcore\data\KolektorSDD2\train\12056_GT.png,230,645,148350,12610,0.08500168520390967,8.500168520390968
KolektorSDD2,Kolektor_surface,train,anomaly,surface_defect,D:\patchcore\data\KolektorSDD2\train\12070.png,D:\patchcore\data\KolektorSDD2\train\12070_GT.png,230,640,147200,964,0.006548913043478261,0.654891304347826
KolektorSDD2,Kolektor_surface,train,anomaly,surface_defect,D:\patchcore\data\KolektorSDD2\train\12071.png,D:\patchcore\data\KolektorSDD2\train\12071_GT.png,231,634,146454,31722,0.2166004342660494,21.66004342660494
KolektorSDD2,Kolektor_surface,train,anomaly,surface_defect,D:\patchcore\data\KolektorSDD2\train\12080.png,D:\patchcore\data\KolektorSDD2\train\12080_GT.png,230,629,144670,5484,0.03790696066910901,3.790696066910901
KolektorSDD2,Kolektor_surface,train,anomaly,surface_defect,D:\patchcore\data\KolektorSDD2\train\12081.png,D:\patchcore\data\KolektorSDD2\train\12081_GT.png,230,628,144440,1902,0.01316809747992246,1.316809747992246
KolektorSDD2,Kolektor_surface,train,anomaly,surface_defect,D:\patchcore\data\KolektorSDD2\train\12105.png,D:\patchcore\data\KolektorSDD2\train\12105_GT.png,230,613,140990,1739,0.012334208099865239,1.2334208099865238
KolektorSDD2,Kolektor_surface,train,anomaly,surface_defect,D:\patchcore\data\KolektorSDD2\train\12109.png,D:\patchcore\data\KolektorSDD2\train\12109_GT.png,232,632,146624,865,0.005899443474465299,0.5899443474465299
KolektorSDD2,Kolektor_surface,train,anomaly,surface_defect,D:\patchcore\data\KolektorSDD2\train\12131.png,D:\patchcore\data\KolektorSDD2\train\12131_GT.png,230,614,141220,2204,0.015606854553179436,1.5606854553179437
KolektorSDD2,Kolektor_surface,train,anomaly,surface_defect,D:\patchcore\data\KolektorSDD2\train\12141.png,D:\patchcore\data\KolektorSDD2\train\12141_GT.png,217,620,134540,509,0.0037832614835736585,0.37832614835736583
KolektorSDD2,Kolektor_surface,train,anomaly,surface_defect,D:\patchcore\data\KolektorSDD2\train\12146.png,D:\patchcore\data\KolektorSDD2\train\12146_GT.png,230,644,148120,2855,0.01927491223332433,1.927491223332433
KolektorSDD2,Kolektor_surface,train,anomaly,surface_defect,D:\patchcore\data\KolektorSDD2\train\12160.png,D:\patchcore\data\KolektorSDD2\train\12160_GT.png,227,627,142329,3643,0.025595627033141524,2.5595627033141524
KolektorSDD2,Kolektor_surface,train,anomaly,surface_defect,D:\patchcore\data\KolektorSDD2\train\12179.png,D:\patchcore\data\KolektorSDD2\train\12179_GT.png,229,629,144041,13293,0.09228622406120479,9.22862240612048
KolektorSDD2,Kolektor_surface,train,anomaly,surface_defect,D:\patchcore\data\KolektorSDD2\train\12191.png,D:\patchcore\data\KolektorSDD2\train\12191_GT.png,230,643,147890,1484,0.010034485090269794,1.0034485090269794
KolektorSDD2,Kolektor_surface,train,anomaly,surface_defect,D:\patchcore\data\KolektorSDD2\train\12201.png,D:\patchcore\data\KolektorSDD2\train\12201_GT.png,230,631,145130,3169,0.021835595672845036,2.1835595672845036
KolektorSDD2,Kolektor_surface,train,anomaly,surface_defect,D:\patchcore\data\KolektorSDD2\train\12210.png,D:\patchcore\data\KolektorSDD2\train\12210_GT.png,230,645,148350,5363,0.036150994270306706,3.6150994270306707
KolektorSDD2,Kolektor_surface,train,anomaly,surface_defect,D:\patchcore\data\KolektorSDD2\train\12216.png,D:\patchcore\data\KolektorSDD2\train\12216_GT.png,229,635,145415,6239,0.042904789739710486,4.290478973971049
KolektorSDD2,Kolektor_surface,train,anomaly,surface_defect,D:\patchcore\data\KolektorSDD2\train\12233.png,D:\patchcore\data\KolektorSDD2\train\12233_GT.png,229,625,143125,7020,0.04904803493449782,4.904803493449782
KolektorSDD2,Kolektor_surface,train,anomaly,surface_defect,D:\patchcore\data\KolektorSDD2\train\12237.png,D:\patchcore\data\KolektorSDD2\train\12237_GT.png,232,638,148016,10525,0.07110717760242136,7.110717760242135
KolektorSDD2,Kolektor_surface,train,anomaly,surface_defect,D:\patchcore\data\KolektorSDD2\train\12244.png,D:\patchcore\data\KolektorSDD2\train\12244_GT.png,229,620,141980,1402,0.009874630229609804,0.9874630229609804
KolektorSDD2,Kolektor_surface,train,anomaly,surface_defect,D:\patchcore\data\KolektorSDD2\train\12245.png,D:\patchcore\data\KolektorSDD2\train\12245_GT.png,230,637,146510,3570,0.024366937410415672,2.436693741041567
KolektorSDD2,Kolektor_surface,train,anomaly,surface_defect,D:\patchcore\data\KolektorSDD2\train\12255.png,D:\patchcore\data\KolektorSDD2\train\12255_GT.png,230,616,141680,1205,0.008505081874647092,0.8505081874647092
KolektorSDD2,Kolektor_surface,train,anomaly,surface_defect,D:\patchcore\data\KolektorSDD2\train\12274.png,D:\patchcore\data\KolektorSDD2\train\12274_GT.png,230,629,144670,721,0.004983756134651275,0.4983756134651275
KolektorSDD2,Kolektor_surface,train,anomaly,surface_defect,D:\patchcore\data\KolektorSDD2\train\12287.png,D:\patchcore\data\KolektorSDD2\train\12287_GT.png,231,633,146223,2654,0.01815035938258687,1.815035938258687
KolektorSDD2,Kolektor_surface,train,anomaly,surface_defect,D:\patchcore\data\KolektorSDD2\train\12288.png,D:\patchcore\data\KolektorSDD2\train\12288_GT.png,229,632,144728,1938,0.013390636227958653,1.3390636227958652
KolektorSDD2,Kolektor_surface,train,anomaly,surface_defect,D:\patchcore\data\KolektorSDD2\train\12301.png,D:\patchcore\data\KolektorSDD2\train\12301_GT.png,229,638,146102,3697,0.025304239503908227,2.530423950390823
KolektorSDD2,Kolektor_surface,train,anomaly,surface_defect,D:\patchcore\data\KolektorSDD2\train\12303.png,D:\patchcore\data\KolektorSDD2\train\12303_GT.png,232,640,148480,13052,0.08790409482758621,8.790409482758621
KolektorSDD2,Kolektor_surface,train,anomaly,surface_defect,D:\patchcore\data\KolektorSDD2\train\12314.png,D:\patchcore\data\KolektorSDD2\train\12314_GT.png,229,636,145644,4355,0.029901678064321223,2.9901678064321224
KolektorSDD2,Kolektor_surface,train,anomaly,surface_defect,D:\patchcore\data\KolektorSDD2\train\12315.png,D:\patchcore\data\KolektorSDD2\train\12315_GT.png,229,631,144499,3841,0.026581498833901963,2.6581498833901964
KolektorSDD2,Kolektor_surface,train,anomaly,surface_defect,D:\patchcore\data\KolektorSDD2\train\12317.png,D:\patchcore\data\KolektorSDD2\train\12317_GT.png,233,635,147955,2652,0.017924368895948093,1.7924368895948093
KolektorSDD2,Kolektor_surface,test,anomaly,surface_defect,D:\patchcore\data\KolektorSDD2\test\20042.png,D:\patchcore\data\KolektorSDD2\test\20042_GT.png,227,624,141648,5529,0.03903337851575737,3.9033378515757367
KolektorSDD2,Kolektor_surface,test,anomaly,surface_defect,D:\patchcore\data\KolektorSDD2\test\20056.png,D:\patchcore\data\KolektorSDD2\test\20056_GT.png,230,648,149040,1564,0.010493827160493827,1.0493827160493827
KolektorSDD2,Kolektor_surface,test,anomaly,surface_defect,D:\patchcore\data\KolektorSDD2\test\20068.png,D:\patchcore\data\KolektorSDD2\test\20068_GT.png,230,637,146510,2321,0.015841922053102177,1.5841922053102178
KolektorSDD2,Kolektor_surface,test,anomaly,surface_defect,D:\patchcore\data\KolektorSDD2\test\20084.png,D:\patchcore\data\KolektorSDD2\test\20084_GT.png,229,639,146331,4492,0.030697528206600107,3.069752820660011
KolektorSDD2,Kolektor_surface,test,anomaly,surface_defect,D:\patchcore\data\KolektorSDD2\test\20095.png,D:\patchcore\data\KolektorSDD2\test\20095_GT.png,231,645,148995,4457,0.029913755495150844,2.991375549515084
KolektorSDD2,Kolektor_surface,test,anomaly,surface_defect,D:\patchcore\data\KolektorSDD2\test\20099.png,D:\patchcore\data\KolektorSDD2\test\20099_GT.png,230,637,146510,3785,0.0258344140331718,2.5834414033171798
KolektorSDD2,Kolektor_surface,test,anomaly,surface_defect,D:\patchcore\data\KolektorSDD2\test\20117.png,D:\patchcore\data\KolektorSDD2\test\20117_GT.png,231,639,147609,3272,0.022166670053993996,2.2166670053993998
KolektorSDD2,Kolektor_surface,test,anomaly,surface_defect,D:\patchcore\data\KolektorSDD2\test\20118.png,D:\patchcore\data\KolektorSDD2\test\20118_GT.png,229,637,145873,5000,0.03427639110733309,3.427639110733309
KolektorSDD2,Kolektor_surface,test,anomaly,surface_defect,D:\patchcore\data\KolektorSDD2\test\20121.png,D:\patchcore\data\KolektorSDD2\test\20121_GT.png,229,645,147705,6609,0.04474459226160252,4.474459226160252
KolektorSDD2,Kolektor_surface,test,anomaly,surface_defect,D:\patchcore\data\KolektorSDD2\test\20125.png,D:\patchcore\data\KolektorSDD2\test\20125_GT.png,235,633,148755,2144,0.014412960908877013,1.4412960908877013
KolektorSDD2,Kolektor_surface,test,anomaly,surface_defect,D:\patchcore\data\KolektorSDD2\test\20129.png,D:\patchcore\data\KolektorSDD2\test\20129_GT.png,228,626,142728,2062,0.014447060142368701,1.4447060142368702
KolektorSDD2,Kolektor_surface,test,anomaly,surface_defect,D:\patchcore\data\KolektorSDD2\test\20130.png,D:\patchcore\data\KolektorSDD2\test\20130_GT.png,228,637,145236,1282,0.008827012586411083,0.8827012586411084
KolektorSDD2,Kolektor_surface,test,anomaly,surface_defect,D:\patchcore\data\KolektorSDD2\test\20139.png,D:\patchcore\data\KolektorSDD2\test\20139_GT.png,211,634,133774,559,0.004178689431429127,0.4178689431429127
KolektorSDD2,Kolektor_surface,test,anomaly,surface_defect,D:\patchcore\data\KolektorSDD2\test\20141.png,D:\patchcore\data\KolektorSDD2\test\20141_GT.png,229,627,143583,3268,0.022760354638083895,2.2760354638083893
KolektorSDD2,Kolektor_surface,test,anomaly,surface_defect,D:\patchcore\data\KolektorSDD2\test\20142.png,D:\patchcore\data\KolektorSDD2\test\20142_GT.png,229,637,145873,1763,0.012085855504445648,1.2085855504445648
KolektorSDD2,Kolektor_surface,test,anomaly,surface_defect,D:\patchcore\data\KolektorSDD2\test\20155.png,D:\patchcore\data\KolektorSDD2\test\20155_GT.png,230,633,145590,1002,0.006882340820111271,0.6882340820111271
KolektorSDD2,Kolektor_surface,test,anomaly,surface_defect,D:\patchcore\data\KolektorSDD2\test\20158.png,D:\patchcore\data\KolektorSDD2\test\20158_GT.png,229,641,146789,17472,0.11902799256075046,11.902799256075046
KolektorSDD2,Kolektor_surface,test,anomaly,surface_defect,D:\patchcore\data\KolektorSDD2\test\20159.png,D:\patchcore\data\KolektorSDD2\test\20159_GT.png,233,632,147256,755,0.005127125550062476,0.5127125550062476
KolektorSDD2,Kolektor_surface,test,anomaly,surface_defect,D:\patchcore\data\KolektorSDD2\test\20172.png,D:\patchcore\data\KolektorSDD2\test\20172_GT.png,229,630,144270,2273,0.015755181257364664,1.5755181257364663
KolektorSDD2,Kolektor_surface,test,anomaly,surface_defect,D:\patchcore\data\KolektorSDD2\test\20175.png,D:\patchcore\data\KolektorSDD2\test\20175_GT.png,223,625,139375,939,0.006737219730941704,0.6737219730941704
KolektorSDD2,Kolektor_surface,test,anomaly,surface_defect,D:\patchcore\data\KolektorSDD2\test\20177.png,D:\patchcore\data\KolektorSDD2\test\20177_GT.png,230,647,148810,819,0.005503662388280358,0.5503662388280358
KolektorSDD2,Kolektor_surface,test,anomaly,surface_defect,D:\patchcore\data\KolektorSDD2\test\20190.png,D:\patchcore\data\KolektorSDD2\test\20190_GT.png,236,640,151040,4865,0.03221001059322034,3.2210010593220337
KolektorSDD2,Kolektor_surface,test,anomaly,surface_defect,D:\patchcore\data\KolektorSDD2\test\20193.png,D:\patchcore\data\KolektorSDD2\test\20193_GT.png,228,638,145464,43869,0.30157977231479954,30.157977231479954
KolektorSDD2,Kolektor_surface,test,anomaly,surface_defect,D:\patchcore\data\KolektorSDD2\test\20204.png,D:\patchcore\data\KolektorSDD2\test\20204_GT.png,232,641,148712,4284,0.02880735919091936,2.880735919091936
KolektorSDD2,Kolektor_surface,test,anomaly,surface_defect,D:\patchcore\data\KolektorSDD2\test\20209.png,D:\patchcore\data\KolektorSDD2\test\20209_GT.png,223,640,142720,10058,0.07047365470852018,7.047365470852018
KolektorSDD2,Kolektor_surface,test,anomaly,surface_defect,D:\patchcore\data\KolektorSDD2\test\20217.png,D:\patchcore\data\KolektorSDD2\test\20217_GT.png,230,640,147200,1635,0.01110733695652174,1.1107336956521738
KolektorSDD2,Kolektor_surface,test,anomaly,surface_defect,D:\patchcore\data\KolektorSDD2\test\20228.png,D:\patchcore\data\KolektorSDD2\test\20228_GT.png,231,633,146223,87,0.0005949816376356661,0.05949816376356661
KolektorSDD2,Kolektor_surface,test,anomaly,surface_defect,D:\patchcore\data\KolektorSDD2\test\20231.png,D:\patchcore\data\KolektorSDD2\test\20231_GT.png,230,630,144900,178,0.0012284334023464458,0.12284334023464458
KolektorSDD2,Kolektor_surface,test,anomaly,surface_defect,D:\patchcore\data\KolektorSDD2\test\20236.png,D:\patchcore\data\KolektorSDD2\test\20236_GT.png,231,631,145761,367,0.0025178202674240708,0.2517820267424071
KolektorSDD2,Kolektor_surface,test,anomaly,surface_defect,D:\patchcore\data\KolektorSDD2\test\20246.png,D:\patchcore\data\KolektorSDD2\test\20246_GT.png,224,634,142016,1383,0.009738339342045967,0.9738339342045966
KolektorSDD2,Kolektor_surface,test,anomaly,surface_defect,D:\patchcore\data\KolektorSDD2\test\20259.png,D:\patchcore\data\KolektorSDD2\test\20259_GT.png,227,628,142556,323,0.0022657762563483824,0.22657762563483824
KolektorSDD2,Kolektor_surface,test,anomaly,surface_defect,D:\patchcore\data\KolektorSDD2\test\20264.png,D:\patchcore\data\KolektorSDD2\test\20264_GT.png,228,629,143412,3473,0.02421694139960394,2.421694139960394
KolektorSDD2,Kolektor_surface,test,anomaly,surface_defect,D:\patchcore\data\KolektorSDD2\test\20275.png,D:\patchcore\data\KolektorSDD2\test\20275_GT.png,236,636,150096,228,0.001519027822193796,0.15190278221937958
KolektorSDD2,Kolektor_surface,test,anomaly,surface_defect,D:\patchcore\data\KolektorSDD2\test\20281.png,D:\patchcore\data\KolektorSDD2\test\20281_GT.png,229,651,149079,2181,0.014629827138631195,1.4629827138631195
KolektorSDD2,Kolektor_surface,test,anomaly,surface_defect,D:\patchcore\data\KolektorSDD2\test\20295.png,D:\patchcore\data\KolektorSDD2\test\20295_GT.png,228,636,145008,1239,0.008544356173452498,0.8544356173452499
KolektorSDD2,Kolektor_surface,test,anomaly,surface_defect,D:\patchcore\data\KolektorSDD2\test\20297.png,D:\patchcore\data\KolektorSDD2\test\20297_GT.png,237,642,152154,401,0.0026354877295371795,0.2635487729537179
KolektorSDD2,Kolektor_surface,test,anomaly,surface_defect,D:\patchcore\data\KolektorSDD2\test\20319.png,D:\patchcore\data\KolektorSDD2\test\20319_GT.png,229,639,146331,1084,0.007407862995537514,0.7407862995537514
KolektorSDD2,Kolektor_surface,test,anomaly,surface_defect,D:\patchcore\data\KolektorSDD2\test\20334.png,D:\patchcore\data\KolektorSDD2\test\20334_GT.png,229,635,145415,5417,0.03725200288828525,3.725200288828525
KolektorSDD2,Kolektor_surface,test,anomaly,surface_defect,D:\patchcore\data\KolektorSDD2\test\20378.png,D:\patchcore\data\KolektorSDD2\test\20378_GT.png,232,640,148480,3296,0.022198275862068965,2.2198275862068964
KolektorSDD2,Kolektor_surface,test,anomaly,surface_defect,D:\patchcore\data\KolektorSDD2\test\20392.png,D:\patchcore\data\KolektorSDD2\test\20392_GT.png,231,640,147840,7626,0.05158279220779221,5.158279220779221
KolektorSDD2,Kolektor_surface,test,anomaly,surface_defect,D:\patchcore\data\KolektorSDD2\test\20403.png,D:\patchcore\data\KolektorSDD2\test\20403_GT.png,228,636,145008,14951,0.10310465629482511,10.310465629482511
KolektorSDD2,Kolektor_surface,test,anomaly,surface_defect,D:\patchcore\data\KolektorSDD2\test\20416.png,D:\patchcore\data\KolektorSDD2\test\20416_GT.png,222,625,138750,13817,0.09958198198198198,9.958198198198199
KolektorSDD2,Kolektor_surface,test,anomaly,surface_defect,D:\patchcore\data\KolektorSDD2\test\20426.png,D:\patchcore\data\KolektorSDD2\test\20426_GT.png,228,640,145920,672,0.004605263157894736,0.4605263157894736
KolektorSDD2,Kolektor_surface,test,anomaly,surface_defect,D:\patchcore\data\KolektorSDD2\test\20428.png,D:\patchcore\data\KolektorSDD2\test\20428_GT.png,229,649,148621,1447,0.009736174564832695,0.9736174564832695
KolektorSDD2,Kolektor_surface,test,anomaly,surface_defect,D:\patchcore\data\KolektorSDD2\test\20434.png,D:\patchcore\data\KolektorSDD2\test\20434_GT.png,228,641,146148,2956,0.020226072200782767,2.0226072200782768
KolektorSDD2,Kolektor_surface,test,anomaly,surface_defect,D:\patchcore\data\KolektorSDD2\test\20439.png,D:\patchcore\data\KolektorSDD2\test\20439_GT.png,227,635,144145,9969,0.06915952686530924,6.9159526865309235
KolektorSDD2,Kolektor_surface,test,anomaly,surface_defect,D:\patchcore\data\KolektorSDD2\test\20452.png,D:\patchcore\data\KolektorSDD2\test\20452_GT.png,228,642,146376,1344,0.009181833087391376,0.9181833087391376
KolektorSDD2,Kolektor_surface,test,anomaly,surface_defect,D:\patchcore\data\KolektorSDD2\test\20457.png,D:\patchcore\data\KolektorSDD2\test\20457_GT.png,232,631,146392,9244,0.0631455270779824,6.31455270779824
KolektorSDD2,Kolektor_surface,test,anomaly,surface_defect,D:\patchcore\data\KolektorSDD2\test\20465.png,D:\patchcore\data\KolektorSDD2\test\20465_GT.png,212,633,134196,5111,0.038086083042713645,3.8086083042713645
KolektorSDD2,Kolektor_surface,test,anomaly,surface_defect,D:\patchcore\data\KolektorSDD2\test\20486.png,D:\patchcore\data\KolektorSDD2\test\20486_GT.png,228,635,144780,1576,0.010885481420085647,1.0885481420085648
KolektorSDD2,Kolektor_surface,test,anomaly,surface_defect,D:\patchcore\data\KolektorSDD2\test\20487.png,D:\patchcore\data\KolektorSDD2\test\20487_GT.png,234,639,149526,1281,0.008567071947353637,0.8567071947353637
KolektorSDD2,Kolektor_surface,test,anomaly,surface_defect,D:\patchcore\data\KolektorSDD2\test\20502.png,D:\patchcore\data\KolektorSDD2\test\20502_GT.png,236,637,150332,17570,0.11687465077295586,11.687465077295586
KolektorSDD2,Kolektor_surface,test,anomaly,surface_defect,D:\patchcore\data\KolektorSDD2\test\20517.png,D:\patchcore\data\KolektorSDD2\test\20517_GT.png,233,638,148654,7801,0.052477565353101836,5.247756535310184
KolektorSDD2,Kolektor_surface,test,anomaly,surface_defect,D:\patchcore\data\KolektorSDD2\test\20523.png,D:\patchcore\data\KolektorSDD2\test\20523_GT.png,230,642,147660,951,0.006440471353108493,0.6440471353108492
KolektorSDD2,Kolektor_surface,test,anomaly,surface_defect,D:\patchcore\data\KolektorSDD2\test\20535.png,D:\patchcore\data\KolektorSDD2\test\20535_GT.png,227,641,145507,3504,0.02408131567553451,2.408131567553451
KolektorSDD2,Kolektor_surface,test,anomaly,surface_defect,D:\patchcore\data\KolektorSDD2\test\20543.png,D:\patchcore\data\KolektorSDD2\test\20543_GT.png,233,636,148188,609,0.0041096445056279865,0.4109644505627986
KolektorSDD2,Kolektor_surface,test,anomaly,surface_defect,D:\patchcore\data\KolektorSDD2\test\20544.png,D:\patchcore\data\KolektorSDD2\test\20544_GT.png,230,648,149040,199,0.0013352120236178207,0.13352120236178208
KolektorSDD2,Kolektor_surface,test,anomaly,surface_defect,D:\patchcore\data\KolektorSDD2\test\20546.png,D:\patchcore\data\KolektorSDD2\test\20546_GT.png,232,640,148480,358,0.0024110991379310345,0.24110991379310345
KolektorSDD2,Kolektor_surface,test,anomaly,surface_defect,D:\patchcore\data\KolektorSDD2\test\20561.png,D:\patchcore\data\KolektorSDD2\test\20561_GT.png,232,637,147784,4131,0.027952958371677585,2.7952958371677585
KolektorSDD2,Kolektor_surface,test,anomaly,surface_defect,D:\patchcore\data\KolektorSDD2\test\20564.png,D:\patchcore\data\KolektorSDD2\test\20564_GT.png,227,629,142783,668,0.004678428104186072,0.4678428104186072
KolektorSDD2,Kolektor_surface,test,anomaly,surface_defect,D:\patchcore\data\KolektorSDD2\test\20587.png,D:\patchcore\data\KolektorSDD2\test\20587_GT.png,237,637,150969,2535,0.01679152673727719,1.679152673727719
KolektorSDD2,Kolektor_surface,test,anomaly,surface_defect,D:\patchcore\data\KolektorSDD2\test\20599.png,D:\patchcore\data\KolektorSDD2\test\20599_GT.png,227,640,145280,3434,0.023637114537444933,2.3637114537444934
KolektorSDD2,Kolektor_surface,test,anomaly,surface_defect,D:\patchcore\data\KolektorSDD2\test\20600.png,D:\patchcore\data\KolektorSDD2\test\20600_GT.png,233,644,150052,3218,0.021445898755098232,2.144589875509823
KolektorSDD2,Kolektor_surface,test,anomaly,surface_defect,D:\patchcore\data\KolektorSDD2\test\20624.png,D:\patchcore\data\KolektorSDD2\test\20624_GT.png,232,637,147784,4038,0.027323661560114763,2.7323661560114765
KolektorSDD2,Kolektor_surface,test,anomaly,surface_defect,D:\patchcore\data\KolektorSDD2\test\20625.png,D:\patchcore\data\KolektorSDD2\test\20625_GT.png,234,639,149526,3271,0.02187579417626366,2.187579417626366
KolektorSDD2,Kolektor_surface,test,anomaly,surface_defect,D:\patchcore\data\KolektorSDD2\test\20632.png,D:\patchcore\data\KolektorSDD2\test\20632_GT.png,229,642,147018,870,0.005917642737623964,0.5917642737623965
KolektorSDD2,Kolektor_surface,test,anomaly,surface_defect,D:\patchcore\data\KolektorSDD2\test\20640.png,D:\patchcore\data\KolektorSDD2\test\20640_GT.png,228,631,143868,1200,0.008340979230961715,0.8340979230961715
KolektorSDD2,Kolektor_surface,test,anomaly,surface_defect,D:\patchcore\data\KolektorSDD2\test\20646.png,D:\patchcore\data\KolektorSDD2\test\20646_GT.png,226,632,142832,2561,0.017930155707404503,1.7930155707404503
KolektorSDD2,Kolektor_surface,test,anomaly,surface_defect,D:\patchcore\data\KolektorSDD2\test\20660.png,D:\patchcore\data\KolektorSDD2\test\20660_GT.png,228,638,145464,2179,0.014979651322664028,1.4979651322664027
KolektorSDD2,Kolektor_surface,test,anomaly,surface_defect,D:\patchcore\data\KolektorSDD2\test\20665.png,D:\patchcore\data\KolektorSDD2\test\20665_GT.png,226,646,145996,3809,0.02608975588372284,2.6089755883722843
KolektorSDD2,Kolektor_surface,test,anomaly,surface_defect,D:\patchcore\data\KolektorSDD2\test\20667.png,D:\patchcore\data\KolektorSDD2\test\20667_GT.png,228,640,145920,886,0.006071820175438596,0.6071820175438596
KolektorSDD2,Kolektor_surface,test,anomaly,surface_defect,D:\patchcore\data\KolektorSDD2\test\20669.png,D:\patchcore\data\KolektorSDD2\test\20669_GT.png,232,641,148712,6938,0.04665393512292216,4.665393512292216
KolektorSDD2,Kolektor_surface,test,anomaly,surface_defect,D:\patchcore\data\KolektorSDD2\test\20671.png,D:\patchcore\data\KolektorSDD2\test\20671_GT.png,195,630,122850,17763,0.1445909645909646,14.45909645909646
KolektorSDD2,Kolektor_surface,test,anomaly,surface_defect,D:\patchcore\data\KolektorSDD2\test\20672.png,D:\patchcore\data\KolektorSDD2\test\20672_GT.png,231,638,147378,975,0.0066156414118796565,0.6615641411879657
KolektorSDD2,Kolektor_surface,test,anomaly,surface_defect,D:\patchcore\data\KolektorSDD2\test\20682.png,D:\patchcore\data\KolektorSDD2\test\20682_GT.png,230,629,144670,10410,0.0719568673532868,7.19568673532868
KolektorSDD2,Kolektor_surface,test,anomaly,surface_defect,D:\patchcore\data\KolektorSDD2\test\20685.png,D:\patchcore\data\KolektorSDD2\test\20685_GT.png,228,627,142956,6066,0.0424326366154621,4.2432636615462105
KolektorSDD2,Kolektor_surface,test,anomaly,surface_defect,D:\patchcore\data\KolektorSDD2\test\20724.png,D:\patchcore\data\KolektorSDD2\test\20724_GT.png,229,639,146331,4172,0.028510705182087186,2.8510705182087186
KolektorSDD2,Kolektor_surface,test,anomaly,surface_defect,D:\patchcore\data\KolektorSDD2\test\20738.png,D:\patchcore\data\KolektorSDD2\test\20738_GT.png,234,647,151398,1383,0.009134863076130465,0.9134863076130465
KolektorSDD2,Kolektor_surface,test,anomaly,surface_defect,D:\patchcore\data\KolektorSDD2\test\20744.png,D:\patchcore\data\KolektorSDD2\test\20744_GT.png,227,640,145280,2823,0.019431442731277532,1.943144273127753
KolektorSDD2,Kolektor_surface,test,anomaly,surface_defect,D:\patchcore\data\KolektorSDD2\test\20747.png,D:\patchcore\data\KolektorSDD2\test\20747_GT.png,226,631,142606,1657,0.01161942695258264,1.161942695258264
KolektorSDD2,Kolektor_surface,test,anomaly,surface_defect,D:\patchcore\data\KolektorSDD2\test\20754.png,D:\patchcore\data\KolektorSDD2\test\20754_GT.png,207,636,131652,392,0.002977546865980008,0.2977546865980008
KolektorSDD2,Kolektor_surface,test,anomaly,surface_defect,D:\patchcore\data\KolektorSDD2\test\20765.png,D:\patchcore\data\KolektorSDD2\test\20765_GT.png,228,626,142728,1419,0.009941987556751302,0.9941987556751303
KolektorSDD2,Kolektor_surface,test,anomaly,surface_defect,D:\patchcore\data\KolektorSDD2\test\20772.png,D:\patchcore\data\KolektorSDD2\test\20772_GT.png,230,641,147430,4250,0.028827240046123585,2.8827240046123586
KolektorSDD2,Kolektor_surface,test,anomaly,surface_defect,D:\patchcore\data\KolektorSDD2\test\20784.png,D:\patchcore\data\KolektorSDD2\test\20784_GT.png,230,646,148580,10421,0.07013729977116705,7.0137299771167045
KolektorSDD2,Kolektor_surface,test,anomaly,surface_defect,D:\patchcore\data\KolektorSDD2\test\20785.png,D:\patchcore\data\KolektorSDD2\test\20785_GT.png,227,643,145961,6232,0.04269633669267818,4.269633669267818
KolektorSDD2,Kolektor_surface,test,anomaly,surface_defect,D:\patchcore\data\KolektorSDD2\test\20801.png,D:\patchcore\data\KolektorSDD2\test\20801_GT.png,227,625,141875,429,0.0030237885462555065,0.30237885462555064
KolektorSDD2,Kolektor_surface,test,anomaly,surface_defect,D:\patchcore\data\KolektorSDD2\test\20804.png,D:\patchcore\data\KolektorSDD2\test\20804_GT.png,229,637,145873,8657,0.05934614356323652,5.934614356323651
KolektorSDD2,Kolektor_surface,test,anomaly,surface_defect,D:\patchcore\data\KolektorSDD2\test\20816.png,D:\patchcore\data\KolektorSDD2\test\20816_GT.png,229,644,147476,181,0.0012273183433236595,0.12273183433236595
KolektorSDD2,Kolektor_surface,test,anomaly,surface_defect,D:\patchcore\data\KolektorSDD2\test\20821.png,D:\patchcore\data\KolektorSDD2\test\20821_GT.png,231,641,148071,1300,0.008779571962099263,0.8779571962099263
KolektorSDD2,Kolektor_surface,test,anomaly,surface_defect,D:\patchcore\data\KolektorSDD2\test\20827.png,D:\patchcore\data\KolektorSDD2\test\20827_GT.png,230,641,147430,1843,0.012500847860001357,1.2500847860001358
KolektorSDD2,Kolektor_surface,test,anomaly,surface_defect,D:\patchcore\data\KolektorSDD2\test\20829.png,D:\patchcore\data\KolektorSDD2\test\20829_GT.png,230,614,141220,588,0.004163716187508852,0.4163716187508852
KolektorSDD2,Kolektor_surface,test,anomaly,surface_defect,D:\patchcore\data\KolektorSDD2\test\20834.png,D:\patchcore\data\KolektorSDD2\test\20834_GT.png,231,633,146223,5484,0.0375043597792413,3.7504359779241296
KolektorSDD2,Kolektor_surface,test,anomaly,surface_defect,D:\patchcore\data\KolektorSDD2\test\20848.png,D:\patchcore\data\KolektorSDD2\test\20848_GT.png,231,638,147378,8310,0.056385620648943535,5.638562064894353
KolektorSDD2,Kolektor_surface,test,anomaly,surface_defect,D:\patchcore\data\KolektorSDD2\test\20857.png,D:\patchcore\data\KolektorSDD2\test\20857_GT.png,231,646,149226,5224,0.035007304357149556,3.5007304357149556
KolektorSDD2,Kolektor_surface,test,anomaly,surface_defect,D:\patchcore\data\KolektorSDD2\test\20870.png,D:\patchcore\data\KolektorSDD2\test\20870_GT.png,230,641,147430,5926,0.04019534694431256,4.019534694431256
KolektorSDD2,Kolektor_surface,test,anomaly,surface_defect,D:\patchcore\data\KolektorSDD2\test\20881.png,D:\patchcore\data\KolektorSDD2\test\20881_GT.png,228,638,145464,8582,0.05899741516801408,5.899741516801408
KolektorSDD2,Kolektor_surface,test,anomaly,surface_defect,D:\patchcore\data\KolektorSDD2\test\20882.png,D:\patchcore\data\KolektorSDD2\test\20882_GT.png,228,615,140220,11973,0.0853872486093282,8.53872486093282
KolektorSDD2,Kolektor_surface,test,anomaly,surface_defect,D:\patchcore\data\KolektorSDD2\test\20884.png,D:\patchcore\data\KolektorSDD2\test\20884_GT.png,230,642,147660,31725,0.21485168630637952,21.48516863063795
KolektorSDD2,Kolektor_surface,test,anomaly,surface_defect,D:\patchcore\data\KolektorSDD2\test\20891.png,D:\patchcore\data\KolektorSDD2\test\20891_GT.png,228,635,144780,1073,0.007411244647050698,0.7411244647050698
KolektorSDD2,Kolektor_surface,test,anomaly,surface_defect,D:\patchcore\data\KolektorSDD2\test\20892.png,D:\patchcore\data\KolektorSDD2\test\20892_GT.png,233,633,147489,1949,0.013214544813511517,1.3214544813511517
KolektorSDD2,Kolektor_surface,test,anomaly,surface_defect,D:\patchcore\data\KolektorSDD2\test\20895.png,D:\patchcore\data\KolektorSDD2\test\20895_GT.png,230,644,148120,1517,0.010241695922225224,1.0241695922225225
KolektorSDD2,Kolektor_surface,test,anomaly,surface_defect,D:\patchcore\data\KolektorSDD2\test\20902.png,D:\patchcore\data\KolektorSDD2\test\20902_GT.png,229,638,146102,3980,0.0272412424196794,2.72412424196794
KolektorSDD2,Kolektor_surface,test,anomaly,surface_defect,D:\patchcore\data\KolektorSDD2\test\20912.png,D:\patchcore\data\KolektorSDD2\test\20912_GT.png,229,632,144728,1356,0.009369299651760544,0.9369299651760544
KolektorSDD2,Kolektor_surface,test,anomaly,surface_defect,D:\patchcore\data\KolektorSDD2\test\20922.png,D:\patchcore\data\KolektorSDD2\test\20922_GT.png,230,601,138230,2534,0.01833176589741735,1.833176589741735
KolektorSDD2,Kolektor_surface,test,anomaly,surface_defect,D:\patchcore\data\KolektorSDD2\test\20941.png,D:\patchcore\data\KolektorSDD2\test\20941_GT.png,231,638,147378,1577,0.01070037590413766,1.070037590413766
KolektorSDD2,Kolektor_surface,test,anomaly,surface_defect,D:\patchcore\data\KolektorSDD2\test\20942.png,D:\patchcore\data\KolektorSDD2\test\20942_GT.png,228,622,141816,294,0.002073108817058724,0.2073108817058724
KolektorSDD2,Kolektor_surface,test,anomaly,surface_defect,D:\patchcore\data\KolektorSDD2\test\20952.png,D:\patchcore\data\KolektorSDD2\test\20952_GT.png,230,628,144440,9748,0.06748823040708946,6.748823040708945
KolektorSDD2,Kolektor_surface,test,anomaly,surface_defect,D:\patchcore\data\KolektorSDD2\test\20956.png,D:\patchcore\data\KolektorSDD2\test\20956_GT.png,229,631,144499,2336,0.016166201842227283,1.6166201842227284
KolektorSDD2,Kolektor_surface,test,anomaly,surface_defect,D:\patchcore\data\KolektorSDD2\test\20959.png,D:\patchcore\data\KolektorSDD2\test\20959_GT.png,231,636,146916,2063,0.014042037626943287,1.4042037626943287
KolektorSDD2,Kolektor_surface,test,anomaly,surface_defect,D:\patchcore\data\KolektorSDD2\test\20969.png,D:\patchcore\data\KolektorSDD2\test\20969_GT.png,227,619,140513,3390,0.024125881591027163,2.4125881591027163
