category,anomaly_type,image_path,image_score,prediction_map_max,label
splicing_connectors,good,D:\patchcore\data\mvtec_loco_anomaly_detection\splicing_connectors\test\good\000.png,3.5088253021240234,3.1007676124572754,0
splicing_connectors,good,D:\patchcore\data\mvtec_loco_anomaly_detection\splicing_connectors\test\good\001.png,2.5375595092773438,2.213944673538208,0
splicing_connectors,good,D:\patchcore\data\mvtec_loco_anomaly_detection\splicing_connectors\test\good\002.png,2.5701751708984375,2.397170305252075,0
splicing_connectors,good,D:\patchcore\data\mvtec_loco_anomaly_detection\splicing_connectors\test\good\003.png,2.8165035247802734,2.462031364440918,0
splicing_connectors,good,D:\patchcore\data\mvtec_loco_anomaly_detection\splicing_connectors\test\good\004.png,3.9276657104492188,3.2707903385162354,0
splicing_connectors,good,D:\patchcore\data\mvtec_loco_anomaly_detection\splicing_connectors\test\good\005.png,3.0084609985351562,2.411405086517334,0
splicing_connectors,good,D:\patchcore\data\mvtec_loco_anomaly_detection\splicing_connectors\test\good\006.png,2.829071044921875,2.601276159286499,0
splicing_connectors,good,D:\patchcore\data\mvtec_loco_anomaly_detection\splicing_connectors\test\good\007.png,3.7446537017822266,3.0522093772888184,0
splicing_connectors,good,D:\patchcore\data\mvtec_loco_anomaly_detection\splicing_connectors\test\good\008.png,2.6355419158935547,2.3016750812530518,0
splicing_connectors,good,D:\patchcore\data\mvtec_loco_anomaly_detection\splicing_connectors\test\good\009.png,2.544677734375,2.159370183944702,0
splicing_connectors,good,D:\patchcore\data\mvtec_loco_anomaly_detection\splicing_connectors\test\good\010.png,3.0858001708984375,2.704580545425415,0
splicing_connectors,good,D:\patchcore\data\mvtec_loco_anomaly_detection\splicing_connectors\test\good\011.png,3.113637924194336,2.637986183166504,0
splicing_connectors,good,D:\patchcore\data\mvtec_loco_anomaly_detection\splicing_connectors\test\good\012.png,2.7589263916015625,2.331604242324829,0
splicing_connectors,good,D:\patchcore\data\mvtec_loco_anomaly_detection\splicing_connectors\test\good\013.png,3.9897232055664062,3.492685556411743,0
splicing_connectors,good,D:\patchcore\data\mvtec_loco_anomaly_detection\splicing_connectors\test\good\014.png,2.72308349609375,2.3783984184265137,0
splicing_connectors,good,D:\patchcore\data\mvtec_loco_anomaly_detection\splicing_connectors\test\good\015.png,2.4156837463378906,2.138063430786133,0
splicing_connectors,good,D:\patchcore\data\mvtec_loco_anomaly_detection\splicing_connectors\test\good\016.png,3.286287307739258,2.4202957153320312,0
splicing_connectors,good,D:\patchcore\data\mvtec_loco_anomaly_detection\splicing_connectors\test\good\017.png,2.4069061279296875,2.065509080886841,0
splicing_connectors,good,D:\patchcore\data\mvtec_loco_anomaly_detection\splicing_connectors\test\good\018.png,2.5043182373046875,2.277678966522217,0
splicing_connectors,good,D:\patchcore\data\mvtec_loco_anomaly_detection\splicing_connectors\test\good\019.png,2.6298885345458984,2.297403335571289,0
splicing_connectors,good,D:\patchcore\data\mvtec_loco_anomaly_detection\splicing_connectors\test\good\020.png,3.4530372619628906,2.9991466999053955,0
splicing_connectors,good,D:\patchcore\data\mvtec_loco_anomaly_detection\splicing_connectors\test\good\021.png,2.5549182891845703,2.349648952484131,0
splicing_connectors,good,D:\patchcore\data\mvtec_loco_anomaly_detection\splicing_connectors\test\good\022.png,3.5863914489746094,3.0978963375091553,0
splicing_connectors,good,D:\patchcore\data\mvtec_loco_anomaly_detection\splicing_connectors\test\good\023.png,2.605541229248047,2.325648069381714,0
splicing_connectors,good,D:\patchcore\data\mvtec_loco_anomaly_detection\splicing_connectors\test\good\024.png,2.5266380310058594,2.200716733932495,0
splicing_connectors,good,D:\patchcore\data\mvtec_loco_anomaly_detection\splicing_connectors\test\good\025.png,4.278911590576172,3.681302309036255,0
splicing_connectors,good,D:\patchcore\data\mvtec_loco_anomaly_detection\splicing_connectors\test\good\026.png,2.9427318572998047,2.6586034297943115,0
splicing_connectors,good,D:\patchcore\data\mvtec_loco_anomaly_detection\splicing_connectors\test\good\027.png,4.008920669555664,3.5655734539031982,0
splicing_connectors,good,D:\patchcore\data\mvtec_loco_anomaly_detection\splicing_connectors\test\good\028.png,3.1367111206054688,2.739607095718384,0
splicing_connectors,good,D:\patchcore\data\mvtec_loco_anomaly_detection\splicing_connectors\test\good\029.png,2.993692398071289,2.655034303665161,0
splicing_connectors,good,D:\patchcore\data\mvtec_loco_anomaly_detection\splicing_connectors\test\good\030.png,3.917509078979492,3.4284257888793945,0
splicing_connectors,good,D:\patchcore\data\mvtec_loco_anomaly_detection\splicing_connectors\test\good\031.png,3.3217945098876953,3.059817314147949,0
splicing_connectors,good,D:\patchcore\data\mvtec_loco_anomaly_detection\splicing_connectors\test\good\032.png,2.524749755859375,2.209001064300537,0
splicing_connectors,good,D:\patchcore\data\mvtec_loco_anomaly_detection\splicing_connectors\test\good\033.png,2.7787981033325195,2.5785038471221924,0
splicing_connectors,good,D:\patchcore\data\mvtec_loco_anomaly_detection\splicing_connectors\test\good\034.png,3.0111923217773438,2.6973226070404053,0
splicing_connectors,good,D:\patchcore\data\mvtec_loco_anomaly_detection\splicing_connectors\test\good\035.png,2.582155227661133,2.1876070499420166,0
splicing_connectors,good,D:\patchcore\data\mvtec_loco_anomaly_detection\splicing_connectors\test\good\036.png,2.8072261810302734,2.421278238296509,0
splicing_connectors,good,D:\patchcore\data\mvtec_loco_anomaly_detection\splicing_connectors\test\good\037.png,3.585559844970703,3.3011422157287598,0
splicing_connectors,good,D:\patchcore\data\mvtec_loco_anomaly_detection\splicing_connectors\test\good\038.png,3.103677749633789,2.6131467819213867,0
splicing_connectors,good,D:\patchcore\data\mvtec_loco_anomaly_detection\splicing_connectors\test\good\039.png,2.9345226287841797,2.618889331817627,0
splicing_connectors,good,D:\patchcore\data\mvtec_loco_anomaly_detection\splicing_connectors\test\good\040.png,3.58111572265625,3.102677822113037,0
splicing_connectors,good,D:\patchcore\data\mvtec_loco_anomaly_detection\splicing_connectors\test\good\041.png,3.4386520385742188,2.8849031925201416,0
splicing_connectors,good,D:\patchcore\data\mvtec_loco_anomaly_detection\splicing_connectors\test\good\042.png,3.3628673553466797,3.0728750228881836,0
splicing_connectors,good,D:\patchcore\data\mvtec_loco_anomaly_detection\splicing_connectors\test\good\043.png,2.700603485107422,2.287590980529785,0
splicing_connectors,good,D:\patchcore\data\mvtec_loco_anomaly_detection\splicing_connectors\test\good\044.png,3.428377151489258,3.0320396423339844,0
splicing_connectors,good,D:\patchcore\data\mvtec_loco_anomaly_detection\splicing_connectors\test\good\045.png,3.1939849853515625,2.8549914360046387,0
splicing_connectors,good,D:\patchcore\data\mvtec_loco_anomaly_detection\splicing_connectors\test\good\046.png,2.916322708129883,2.744804859161377,0
splicing_connectors,good,D:\patchcore\data\mvtec_loco_anomaly_detection\splicing_connectors\test\good\047.png,3.0983314514160156,2.8245160579681396,0
splicing_connectors,good,D:\patchcore\data\mvtec_loco_anomaly_detection\splicing_connectors\test\good\048.png,3.1212997436523438,2.8219211101531982,0
splicing_connectors,good,D:\patchcore\data\mvtec_loco_anomaly_detection\splicing_connectors\test\good\049.png,2.952726364135742,2.5996556282043457,0
splicing_connectors,good,D:\patchcore\data\mvtec_loco_anomaly_detection\splicing_connectors\test\good\050.png,2.903881072998047,2.649146318435669,0
splicing_connectors,good,D:\patchcore\data\mvtec_loco_anomaly_detection\splicing_connectors\test\good\051.png,2.3409767150878906,2.2380995750427246,0
splicing_connectors,good,D:\patchcore\data\mvtec_loco_anomaly_detection\splicing_connectors\test\good\052.png,2.380340576171875,2.1362452507019043,0
splicing_connectors,good,D:\patchcore\data\mvtec_loco_anomaly_detection\splicing_connectors\test\good\053.png,3.4555721282958984,3.2719638347625732,0
splicing_connectors,good,D:\patchcore\data\mvtec_loco_anomaly_detection\splicing_connectors\test\good\054.png,2.8939990997314453,2.3592143058776855,0
splicing_connectors,good,D:\patchcore\data\mvtec_loco_anomaly_detection\splicing_connectors\test\good\055.png,2.8505992889404297,2.4622020721435547,0
splicing_connectors,good,D:\patchcore\data\mvtec_loco_anomaly_detection\splicing_connectors\test\good\056.png,3.993152618408203,3.361835241317749,0
splicing_connectors,good,D:\patchcore\data\mvtec_loco_anomaly_detection\splicing_connectors\test\good\057.png,2.7686290740966797,2.3359789848327637,0
splicing_connectors,good,D:\patchcore\data\mvtec_loco_anomaly_detection\splicing_connectors\test\good\058.png,3.7146530151367188,3.1693227291107178,0
splicing_connectors,good,D:\patchcore\data\mvtec_loco_anomaly_detection\splicing_connectors\test\good\059.png,2.706451416015625,2.3909711837768555,0
splicing_connectors,good,D:\patchcore\data\mvtec_loco_anomaly_detection\splicing_connectors\test\good\060.png,2.6021575927734375,2.3801615238189697,0
splicing_connectors,good,D:\patchcore\data\mvtec_loco_anomaly_detection\splicing_connectors\test\good\061.png,2.455982208251953,2.2769529819488525,0
splicing_connectors,good,D:\patchcore\data\mvtec_loco_anomaly_detection\splicing_connectors\test\good\062.png,4.020469665527344,3.4540669918060303,0
splicing_connectors,good,D:\patchcore\data\mvtec_loco_anomaly_detection\splicing_connectors\test\good\063.png,2.7322311401367188,2.323289394378662,0
splicing_connectors,good,D:\patchcore\data\mvtec_loco_anomaly_detection\splicing_connectors\test\good\064.png,2.9083786010742188,2.579061269760132,0
splicing_connectors,good,D:\patchcore\data\mvtec_loco_anomaly_detection\splicing_connectors\test\good\065.png,3.337188720703125,2.9269118309020996,0
splicing_connectors,good,D:\patchcore\data\mvtec_loco_anomaly_detection\splicing_connectors\test\good\066.png,2.7441444396972656,2.422896385192871,0
splicing_connectors,good,D:\patchcore\data\mvtec_loco_anomaly_detection\splicing_connectors\test\good\067.png,2.699472427368164,2.146165370941162,0
splicing_connectors,good,D:\patchcore\data\mvtec_loco_anomaly_detection\splicing_connectors\test\good\068.png,3.3881397247314453,2.9057464599609375,0
splicing_connectors,good,D:\patchcore\data\mvtec_loco_anomaly_detection\splicing_connectors\test\good\069.png,3.6633682250976562,3.2743141651153564,0
splicing_connectors,good,D:\patchcore\data\mvtec_loco_anomaly_detection\splicing_connectors\test\good\070.png,2.927682876586914,2.7346227169036865,0
splicing_connectors,good,D:\patchcore\data\mvtec_loco_anomaly_detection\splicing_connectors\test\good\071.png,3.6823692321777344,2.990217685699463,0
splicing_connectors,good,D:\patchcore\data\mvtec_loco_anomaly_detection\splicing_connectors\test\good\072.png,3.5645885467529297,3.235600233078003,0
splicing_connectors,good,D:\patchcore\data\mvtec_loco_anomaly_detection\splicing_connectors\test\good\073.png,2.554471969604492,2.341592311859131,0
splicing_connectors,good,D:\patchcore\data\mvtec_loco_anomaly_detection\splicing_connectors\test\good\074.png,2.491281509399414,2.2476181983947754,0
splicing_connectors,good,D:\patchcore\data\mvtec_loco_anomaly_detection\splicing_connectors\test\good\075.png,2.8074417114257812,2.4786062240600586,0
splicing_connectors,good,D:\patchcore\data\mvtec_loco_anomaly_detection\splicing_connectors\test\good\076.png,3.2945384979248047,2.9457430839538574,0
splicing_connectors,good,D:\patchcore\data\mvtec_loco_anomaly_detection\splicing_connectors\test\good\077.png,2.5485706329345703,2.3810038566589355,0
splicing_connectors,good,D:\patchcore\data\mvtec_loco_anomaly_detection\splicing_connectors\test\good\078.png,3.4994068145751953,3.0710511207580566,0
splicing_connectors,good,D:\patchcore\data\mvtec_loco_anomaly_detection\splicing_connectors\test\good\079.png,4.371980667114258,3.3916234970092773,0
splicing_connectors,good,D:\patchcore\data\mvtec_loco_anomaly_detection\splicing_connectors\test\good\080.png,3.303678512573242,2.9608492851257324,0
splicing_connectors,good,D:\patchcore\data\mvtec_loco_anomaly_detection\splicing_connectors\test\good\081.png,3.3351993560791016,2.953709363937378,0
splicing_connectors,good,D:\patchcore\data\mvtec_loco_anomaly_detection\splicing_connectors\test\good\082.png,2.4448795318603516,2.32704758644104,0
splicing_connectors,good,D:\patchcore\data\mvtec_loco_anomaly_detection\splicing_connectors\test\good\083.png,3.2197647094726562,2.927060604095459,0
splicing_connectors,good,D:\patchcore\data\mvtec_loco_anomaly_detection\splicing_connectors\test\good\084.png,3.046632766723633,2.75347900390625,0
splicing_connectors,good,D:\patchcore\data\mvtec_loco_anomaly_detection\splicing_connectors\test\good\085.png,2.767110824584961,2.4451751708984375,0
splicing_connectors,good,D:\patchcore\data\mvtec_loco_anomaly_detection\splicing_connectors\test\good\086.png,3.4968910217285156,2.9484715461730957,0
splicing_connectors,good,D:\patchcore\data\mvtec_loco_anomaly_detection\splicing_connectors\test\good\087.png,2.4260292053222656,2.2592084407806396,0
splicing_connectors,good,D:\patchcore\data\mvtec_loco_anomaly_detection\splicing_connectors\test\good\088.png,4.059103012084961,3.8135182857513428,0
splicing_connectors,good,D:\patchcore\data\mvtec_loco_anomaly_detection\splicing_connectors\test\good\089.png,4.186363220214844,3.3789148330688477,0
splicing_connectors,good,D:\patchcore\data\mvtec_loco_anomaly_detection\splicing_connectors\test\good\090.png,3.7644577026367188,2.953108310699463,0
splicing_connectors,good,D:\patchcore\data\mvtec_loco_anomaly_detection\splicing_connectors\test\good\091.png,2.590047836303711,2.287595510482788,0
splicing_connectors,good,D:\patchcore\data\mvtec_loco_anomaly_detection\splicing_connectors\test\good\092.png,3.4341049194335938,2.9672350883483887,0
splicing_connectors,good,D:\patchcore\data\mvtec_loco_anomaly_detection\splicing_connectors\test\good\093.png,3.033966064453125,2.642345905303955,0
splicing_connectors,good,D:\patchcore\data\mvtec_loco_anomaly_detection\splicing_connectors\test\good\094.png,2.7265586853027344,2.421665668487549,0
splicing_connectors,good,D:\patchcore\data\mvtec_loco_anomaly_detection\splicing_connectors\test\good\095.png,3.337371826171875,2.995432138442993,0
splicing_connectors,good,D:\patchcore\data\mvtec_loco_anomaly_detection\splicing_connectors\test\good\096.png,2.4231300354003906,2.0164053440093994,0
splicing_connectors,good,D:\patchcore\data\mvtec_loco_anomaly_detection\splicing_connectors\test\good\097.png,3.0176620483398438,2.7280805110931396,0
splicing_connectors,good,D:\patchcore\data\mvtec_loco_anomaly_detection\splicing_connectors\test\good\098.png,3.3752784729003906,3.0231246948242188,0
splicing_connectors,good,D:\patchcore\data\mvtec_loco_anomaly_detection\splicing_connectors\test\good\099.png,2.8761367797851562,2.462439775466919,0
splicing_connectors,good,D:\patchcore\data\mvtec_loco_anomaly_detection\splicing_connectors\test\good\100.png,2.514845848083496,2.335730791091919,0
splicing_connectors,good,D:\patchcore\data\mvtec_loco_anomaly_detection\splicing_connectors\test\good\101.png,2.9544677734375,2.598632335662842,0
splicing_connectors,good,D:\patchcore\data\mvtec_loco_anomaly_detection\splicing_connectors\test\good\102.png,3.0593624114990234,2.913602828979492,0
splicing_connectors,good,D:\patchcore\data\mvtec_loco_anomaly_detection\splicing_connectors\test\good\103.png,3.1052780151367188,2.783198356628418,0
splicing_connectors,good,D:\patchcore\data\mvtec_loco_anomaly_detection\splicing_connectors\test\good\104.png,2.6884231567382812,2.3896336555480957,0
splicing_connectors,good,D:\patchcore\data\mvtec_loco_anomaly_detection\splicing_connectors\test\good\105.png,3.0872631072998047,2.6375513076782227,0
splicing_connectors,good,D:\patchcore\data\mvtec_loco_anomaly_detection\splicing_connectors\test\good\106.png,2.5661449432373047,2.207948684692383,0
splicing_connectors,good,D:\patchcore\data\mvtec_loco_anomaly_detection\splicing_connectors\test\good\107.png,2.7072296142578125,2.5028748512268066,0
splicing_connectors,good,D:\patchcore\data\mvtec_loco_anomaly_detection\splicing_connectors\test\good\108.png,3.836395263671875,3.26145076751709,0
splicing_connectors,good,D:\patchcore\data\mvtec_loco_anomaly_detection\splicing_connectors\test\good\109.png,2.7586498260498047,2.4004032611846924,0
splicing_connectors,good,D:\patchcore\data\mvtec_loco_anomaly_detection\splicing_connectors\test\good\110.png,2.5434188842773438,2.2350962162017822,0
splicing_connectors,good,D:\patchcore\data\mvtec_loco_anomaly_detection\splicing_connectors\test\good\111.png,3.0079193115234375,2.7537341117858887,0
splicing_connectors,good,D:\patchcore\data\mvtec_loco_anomaly_detection\splicing_connectors\test\good\112.png,2.721332550048828,2.2900099754333496,0
splicing_connectors,good,D:\patchcore\data\mvtec_loco_anomaly_detection\splicing_connectors\test\good\113.png,3.8070507049560547,3.5904428958892822,0
splicing_connectors,good,D:\patchcore\data\mvtec_loco_anomaly_detection\splicing_connectors\test\good\114.png,3.288034439086914,2.9129292964935303,0
splicing_connectors,good,D:\patchcore\data\mvtec_loco_anomaly_detection\splicing_connectors\test\good\115.png,3.4499969482421875,3.002140760421753,0
splicing_connectors,good,D:\patchcore\data\mvtec_loco_anomaly_detection\splicing_connectors\test\good\116.png,3.1461639404296875,2.5120952129364014,0
splicing_connectors,good,D:\patchcore\data\mvtec_loco_anomaly_detection\splicing_connectors\test\good\117.png,3.098661422729492,2.3562066555023193,0
splicing_connectors,good,D:\patchcore\data\mvtec_loco_anomaly_detection\splicing_connectors\test\good\118.png,2.6844024658203125,2.495574951171875,0
splicing_connectors,logical_anomalies,D:\patchcore\data\mvtec_loco_anomaly_detection\splicing_connectors\test\logical_anomalies\000.png,3.037363052368164,2.8557605743408203,1
splicing_connectors,logical_anomalies,D:\patchcore\data\mvtec_loco_anomaly_detection\splicing_connectors\test\logical_anomalies\001.png,5.2708740234375,4.750970363616943,1
splicing_connectors,logical_anomalies,D:\patchcore\data\mvtec_loco_anomaly_detection\splicing_connectors\test\logical_anomalies\002.png,6.640737533569336,5.065917491912842,1
splicing_connectors,logical_anomalies,D:\patchcore\data\mvtec_loco_anomaly_detection\splicing_connectors\test\logical_anomalies\003.png,6.271797180175781,4.979995250701904,1
splicing_connectors,logical_anomalies,D:\patchcore\data\mvtec_loco_anomaly_detection\splicing_connectors\test\logical_anomalies\004.png,5.986997604370117,4.752195358276367,1
splicing_connectors,logical_anomalies,D:\patchcore\data\mvtec_loco_anomaly_detection\splicing_connectors\test\logical_anomalies\005.png,5.301868438720703,4.51044225692749,1
splicing_connectors,logical_anomalies,D:\patchcore\data\mvtec_loco_anomaly_detection\splicing_connectors\test\logical_anomalies\006.png,5.544071197509766,4.707367420196533,1
splicing_connectors,logical_anomalies,D:\patchcore\data\mvtec_loco_anomaly_detection\splicing_connectors\test\logical_anomalies\007.png,3.9154510498046875,3.4948480129241943,1
splicing_connectors,logical_anomalies,D:\patchcore\data\mvtec_loco_anomaly_detection\splicing_connectors\test\logical_anomalies\008.png,4.488981246948242,3.8863000869750977,1
splicing_connectors,logical_anomalies,D:\patchcore\data\mvtec_loco_anomaly_detection\splicing_connectors\test\logical_anomalies\009.png,4.863393783569336,4.238815784454346,1
splicing_connectors,logical_anomalies,D:\patchcore\data\mvtec_loco_anomaly_detection\splicing_connectors\test\logical_anomalies\010.png,4.834541320800781,4.361757278442383,1
splicing_connectors,logical_anomalies,D:\patchcore\data\mvtec_loco_anomaly_detection\splicing_connectors\test\logical_anomalies\011.png,5.454145431518555,4.912783145904541,1
splicing_connectors,logical_anomalies,D:\patchcore\data\mvtec_loco_anomaly_detection\splicing_connectors\test\logical_anomalies\012.png,3.4465389251708984,3.101153612136841,1
splicing_connectors,logical_anomalies,D:\patchcore\data\mvtec_loco_anomaly_detection\splicing_connectors\test\logical_anomalies\013.png,2.5726451873779297,2.1088967323303223,1
splicing_connectors,logical_anomalies,D:\patchcore\data\mvtec_loco_anomaly_detection\splicing_connectors\test\logical_anomalies\014.png,3.0394515991210938,2.816342830657959,1
splicing_connectors,logical_anomalies,D:\patchcore\data\mvtec_loco_anomaly_detection\splicing_connectors\test\logical_anomalies\015.png,3.3832244873046875,3.075662851333618,1
splicing_connectors,logical_anomalies,D:\patchcore\data\mvtec_loco_anomaly_detection\splicing_connectors\test\logical_anomalies\016.png,3.599109649658203,3.2361900806427,1
splicing_connectors,logical_anomalies,D:\patchcore\data\mvtec_loco_anomaly_detection\splicing_connectors\test\logical_anomalies\017.png,2.9623374938964844,2.7313954830169678,1
splicing_connectors,logical_anomalies,D:\patchcore\data\mvtec_loco_anomaly_detection\splicing_connectors\test\logical_anomalies\018.png,3.660144805908203,3.2876272201538086,1
splicing_connectors,logical_anomalies,D:\patchcore\data\mvtec_loco_anomaly_detection\splicing_connectors\test\logical_anomalies\019.png,3.201108932495117,2.7313451766967773,1
splicing_connectors,logical_anomalies,D:\patchcore\data\mvtec_loco_anomaly_detection\splicing_connectors\test\logical_anomalies\020.png,3.294078826904297,2.9446427822113037,1
splicing_connectors,logical_anomalies,D:\patchcore\data\mvtec_loco_anomaly_detection\splicing_connectors\test\logical_anomalies\021.png,2.575441360473633,2.277940273284912,1
splicing_connectors,logical_anomalies,D:\patchcore\data\mvtec_loco_anomaly_detection\splicing_connectors\test\logical_anomalies\022.png,3.0599403381347656,2.729656219482422,1
splicing_connectors,logical_anomalies,D:\patchcore\data\mvtec_loco_anomaly_detection\splicing_connectors\test\logical_anomalies\023.png,2.8309669494628906,2.5916974544525146,1
splicing_connectors,logical_anomalies,D:\patchcore\data\mvtec_loco_anomaly_detection\splicing_connectors\test\logical_anomalies\024.png,2.857402801513672,2.479696273803711,1
splicing_connectors,logical_anomalies,D:\patchcore\data\mvtec_loco_anomaly_detection\splicing_connectors\test\logical_anomalies\025.png,2.992431640625,2.6137564182281494,1
splicing_connectors,logical_anomalies,D:\patchcore\data\mvtec_loco_anomaly_detection\splicing_connectors\test\logical_anomalies\026.png,2.544076919555664,2.324815273284912,1
splicing_connectors,logical_anomalies,D:\patchcore\data\mvtec_loco_anomaly_detection\splicing_connectors\test\logical_anomalies\027.png,2.9870243072509766,2.39974308013916,1
splicing_connectors,logical_anomalies,D:\patchcore\data\mvtec_loco_anomaly_detection\splicing_connectors\test\logical_anomalies\028.png,2.880155563354492,2.5523667335510254,1
splicing_connectors,logical_anomalies,D:\patchcore\data\mvtec_loco_anomaly_detection\splicing_connectors\test\logical_anomalies\029.png,3.0406265258789062,2.710798978805542,1
splicing_connectors,logical_anomalies,D:\patchcore\data\mvtec_loco_anomaly_detection\splicing_connectors\test\logical_anomalies\030.png,2.881183624267578,2.6953489780426025,1
splicing_connectors,logical_anomalies,D:\patchcore\data\mvtec_loco_anomaly_detection\splicing_connectors\test\logical_anomalies\031.png,2.5059471130371094,2.0943291187286377,1
splicing_connectors,logical_anomalies,D:\patchcore\data\mvtec_loco_anomaly_detection\splicing_connectors\test\logical_anomalies\032.png,2.6726818084716797,2.1897079944610596,1
splicing_connectors,logical_anomalies,D:\patchcore\data\mvtec_loco_anomaly_detection\splicing_connectors\test\logical_anomalies\033.png,2.257357597351074,2.0246949195861816,1
splicing_connectors,logical_anomalies,D:\patchcore\data\mvtec_loco_anomaly_detection\splicing_connectors\test\logical_anomalies\034.png,2.3763999938964844,2.0090577602386475,1
splicing_connectors,logical_anomalies,D:\patchcore\data\mvtec_loco_anomaly_detection\splicing_connectors\test\logical_anomalies\035.png,3.1672019958496094,2.8344671726226807,1
splicing_connectors,logical_anomalies,D:\patchcore\data\mvtec_loco_anomaly_detection\splicing_connectors\test\logical_anomalies\036.png,2.5814876556396484,2.174074649810791,1
splicing_connectors,logical_anomalies,D:\patchcore\data\mvtec_loco_anomaly_detection\splicing_connectors\test\logical_anomalies\037.png,3.2251720428466797,3.061434030532837,1
splicing_connectors,logical_anomalies,D:\patchcore\data\mvtec_loco_anomaly_detection\splicing_connectors\test\logical_anomalies\038.png,2.9146766662597656,2.4357173442840576,1
splicing_connectors,logical_anomalies,D:\patchcore\data\mvtec_loco_anomaly_detection\splicing_connectors\test\logical_anomalies\039.png,2.429187774658203,2.055824041366577,1
splicing_connectors,logical_anomalies,D:\patchcore\data\mvtec_loco_anomaly_detection\splicing_connectors\test\logical_anomalies\040.png,2.5105419158935547,2.2500197887420654,1
splicing_connectors,logical_anomalies,D:\patchcore\data\mvtec_loco_anomaly_detection\splicing_connectors\test\logical_anomalies\041.png,2.524272918701172,2.2113096714019775,1
splicing_connectors,logical_anomalies,D:\patchcore\data\mvtec_loco_anomaly_detection\splicing_connectors\test\logical_anomalies\042.png,3.0046005249023438,2.656383991241455,1
splicing_connectors,logical_anomalies,D:\patchcore\data\mvtec_loco_anomaly_detection\splicing_connectors\test\logical_anomalies\043.png,2.8323097229003906,2.455950975418091,1
splicing_connectors,logical_anomalies,D:\patchcore\data\mvtec_loco_anomaly_detection\splicing_connectors\test\logical_anomalies\044.png,3.2045230865478516,2.679091215133667,1
splicing_connectors,logical_anomalies,D:\patchcore\data\mvtec_loco_anomaly_detection\splicing_connectors\test\logical_anomalies\045.png,3.0871715545654297,2.6111552715301514,1
splicing_connectors,logical_anomalies,D:\patchcore\data\mvtec_loco_anomaly_detection\splicing_connectors\test\logical_anomalies\046.png,2.5514888763427734,2.27909517288208,1
splicing_connectors,logical_anomalies,D:\patchcore\data\mvtec_loco_anomaly_detection\splicing_connectors\test\logical_anomalies\047.png,4.496232986450195,3.464841365814209,1
splicing_connectors,logical_anomalies,D:\patchcore\data\mvtec_loco_anomaly_detection\splicing_connectors\test\logical_anomalies\048.png,3.5308494567871094,3.0894017219543457,1
splicing_connectors,logical_anomalies,D:\patchcore\data\mvtec_loco_anomaly_detection\splicing_connectors\test\logical_anomalies\049.png,3.6640281677246094,3.2997078895568848,1
splicing_connectors,logical_anomalies,D:\patchcore\data\mvtec_loco_anomaly_detection\splicing_connectors\test\logical_anomalies\050.png,3.1623706817626953,2.76798415184021,1
splicing_connectors,logical_anomalies,D:\patchcore\data\mvtec_loco_anomaly_detection\splicing_connectors\test\logical_anomalies\051.png,4.910200119018555,4.369483947753906,1
splicing_connectors,logical_anomalies,D:\patchcore\data\mvtec_loco_anomaly_detection\splicing_connectors\test\logical_anomalies\052.png,2.8783016204833984,2.4280591011047363,1
splicing_connectors,logical_anomalies,D:\patchcore\data\mvtec_loco_anomaly_detection\splicing_connectors\test\logical_anomalies\053.png,2.906248092651367,2.5885698795318604,1
splicing_connectors,logical_anomalies,D:\patchcore\data\mvtec_loco_anomaly_detection\splicing_connectors\test\logical_anomalies\054.png,3.4042911529541016,2.9688401222229004,1
splicing_connectors,logical_anomalies,D:\patchcore\data\mvtec_loco_anomaly_detection\splicing_connectors\test\logical_anomalies\055.png,3.618375778198242,3.164457321166992,1
splicing_connectors,logical_anomalies,D:\patchcore\data\mvtec_loco_anomaly_detection\splicing_connectors\test\logical_anomalies\056.png,2.8134403228759766,2.300081491470337,1
splicing_connectors,logical_anomalies,D:\patchcore\data\mvtec_loco_anomaly_detection\splicing_connectors\test\logical_anomalies\057.png,5.138269424438477,4.525424480438232,1
splicing_connectors,logical_anomalies,D:\patchcore\data\mvtec_loco_anomaly_detection\splicing_connectors\test\logical_anomalies\058.png,4.172651290893555,3.3897664546966553,1
splicing_connectors,logical_anomalies,D:\patchcore\data\mvtec_loco_anomaly_detection\splicing_connectors\test\logical_anomalies\059.png,9.580950736999512,9.212544441223145,1
splicing_connectors,logical_anomalies,D:\patchcore\data\mvtec_loco_anomaly_detection\splicing_connectors\test\logical_anomalies\060.png,9.684575080871582,9.196529388427734,1
splicing_connectors,logical_anomalies,D:\patchcore\data\mvtec_loco_anomaly_detection\splicing_connectors\test\logical_anomalies\061.png,9.197550773620605,8.863848686218262,1
splicing_connectors,logical_anomalies,D:\patchcore\data\mvtec_loco_anomaly_detection\splicing_connectors\test\logical_anomalies\062.png,9.363308906555176,8.90462875366211,1
splicing_connectors,logical_anomalies,D:\patchcore\data\mvtec_loco_anomaly_detection\splicing_connectors\test\logical_anomalies\063.png,9.113289833068848,8.736185073852539,1
splicing_connectors,logical_anomalies,D:\patchcore\data\mvtec_loco_anomaly_detection\splicing_connectors\test\logical_anomalies\064.png,9.025680541992188,8.632499694824219,1
splicing_connectors,logical_anomalies,D:\patchcore\data\mvtec_loco_anomaly_detection\splicing_connectors\test\logical_anomalies\065.png,9.781142234802246,9.171758651733398,1
splicing_connectors,logical_anomalies,D:\patchcore\data\mvtec_loco_anomaly_detection\splicing_connectors\test\logical_anomalies\066.png,10.503706932067871,9.94570255279541,1
splicing_connectors,logical_anomalies,D:\patchcore\data\mvtec_loco_anomaly_detection\splicing_connectors\test\logical_anomalies\067.png,9.202735900878906,8.943958282470703,1
splicing_connectors,logical_anomalies,D:\patchcore\data\mvtec_loco_anomaly_detection\splicing_connectors\test\logical_anomalies\068.png,9.41405200958252,9.188980102539062,1
splicing_connectors,logical_anomalies,D:\patchcore\data\mvtec_loco_anomaly_detection\splicing_connectors\test\logical_anomalies\069.png,9.46844482421875,8.89999008178711,1
splicing_connectors,logical_anomalies,D:\patchcore\data\mvtec_loco_anomaly_detection\splicing_connectors\test\logical_anomalies\070.png,9.502904891967773,9.067612648010254,1
splicing_connectors,logical_anomalies,D:\patchcore\data\mvtec_loco_anomaly_detection\splicing_connectors\test\logical_anomalies\071.png,3.761983871459961,3.022535562515259,1
splicing_connectors,logical_anomalies,D:\patchcore\data\mvtec_loco_anomaly_detection\splicing_connectors\test\logical_anomalies\072.png,2.444723129272461,2.204953193664551,1
splicing_connectors,logical_anomalies,D:\patchcore\data\mvtec_loco_anomaly_detection\splicing_connectors\test\logical_anomalies\073.png,3.500520706176758,3.252145528793335,1
splicing_connectors,logical_anomalies,D:\patchcore\data\mvtec_loco_anomaly_detection\splicing_connectors\test\logical_anomalies\074.png,2.9124488830566406,2.4173057079315186,1
splicing_connectors,logical_anomalies,D:\patchcore\data\mvtec_loco_anomaly_detection\splicing_connectors\test\logical_anomalies\075.png,3.0985584259033203,2.715698480606079,1
splicing_connectors,logical_anomalies,D:\patchcore\data\mvtec_loco_anomaly_detection\splicing_connectors\test\logical_anomalies\076.png,3.8038101196289062,3.4824328422546387,1
splicing_connectors,logical_anomalies,D:\patchcore\data\mvtec_loco_anomaly_detection\splicing_connectors\test\logical_anomalies\077.png,3.614837646484375,3.251422882080078,1
splicing_connectors,logical_anomalies,D:\patchcore\data\mvtec_loco_anomaly_detection\splicing_connectors\test\logical_anomalies\078.png,2.6184616088867188,2.441236972808838,1
splicing_connectors,logical_anomalies,D:\patchcore\data\mvtec_loco_anomaly_detection\splicing_connectors\test\logical_anomalies\079.png,3.9001102447509766,3.579899549484253,1
splicing_connectors,logical_anomalies,D:\patchcore\data\mvtec_loco_anomaly_detection\splicing_connectors\test\logical_anomalies\080.png,2.660348892211914,2.2692923545837402,1
splicing_connectors,logical_anomalies,D:\patchcore\data\mvtec_loco_anomaly_detection\splicing_connectors\test\logical_anomalies\081.png,3.368297576904297,3.1027915477752686,1
splicing_connectors,logical_anomalies,D:\patchcore\data\mvtec_loco_anomaly_detection\splicing_connectors\test\logical_anomalies\082.png,3.869264602661133,3.4550700187683105,1
splicing_connectors,logical_anomalies,D:\patchcore\data\mvtec_loco_anomaly_detection\splicing_connectors\test\logical_anomalies\083.png,3.525026321411133,2.840059757232666,1
splicing_connectors,logical_anomalies,D:\patchcore\data\mvtec_loco_anomaly_detection\splicing_connectors\test\logical_anomalies\084.png,3.5410099029541016,2.9908571243286133,1
splicing_connectors,logical_anomalies,D:\patchcore\data\mvtec_loco_anomaly_detection\splicing_connectors\test\logical_anomalies\085.png,2.532543182373047,2.1665799617767334,1
splicing_connectors,logical_anomalies,D:\patchcore\data\mvtec_loco_anomaly_detection\splicing_connectors\test\logical_anomalies\086.png,3.822967529296875,3.318199396133423,1
splicing_connectors,logical_anomalies,D:\patchcore\data\mvtec_loco_anomaly_detection\splicing_connectors\test\logical_anomalies\087.png,4.560825347900391,3.9640376567840576,1
splicing_connectors,logical_anomalies,D:\patchcore\data\mvtec_loco_anomaly_detection\splicing_connectors\test\logical_anomalies\088.png,3.1959991455078125,2.8171396255493164,1
splicing_connectors,logical_anomalies,D:\patchcore\data\mvtec_loco_anomaly_detection\splicing_connectors\test\logical_anomalies\089.png,3.293609619140625,2.945403814315796,1
splicing_connectors,logical_anomalies,D:\patchcore\data\mvtec_loco_anomaly_detection\splicing_connectors\test\logical_anomalies\090.png,2.6551342010498047,2.3354551792144775,1
splicing_connectors,logical_anomalies,D:\patchcore\data\mvtec_loco_anomaly_detection\splicing_connectors\test\logical_anomalies\091.png,3.0289363861083984,2.836562395095825,1
splicing_connectors,logical_anomalies,D:\patchcore\data\mvtec_loco_anomaly_detection\splicing_connectors\test\logical_anomalies\092.png,2.8626575469970703,2.635249137878418,1
splicing_connectors,logical_anomalies,D:\patchcore\data\mvtec_loco_anomaly_detection\splicing_connectors\test\logical_anomalies\093.png,3.352619171142578,2.850865602493286,1
splicing_connectors,logical_anomalies,D:\patchcore\data\mvtec_loco_anomaly_detection\splicing_connectors\test\logical_anomalies\094.png,3.3218116760253906,3.1297078132629395,1
splicing_connectors,logical_anomalies,D:\patchcore\data\mvtec_loco_anomaly_detection\splicing_connectors\test\logical_anomalies\095.png,4.172788619995117,3.8834145069122314,1
splicing_connectors,logical_anomalies,D:\patchcore\data\mvtec_loco_anomaly_detection\splicing_connectors\test\logical_anomalies\096.png,2.9441146850585938,2.5071072578430176,1
splicing_connectors,logical_anomalies,D:\patchcore\data\mvtec_loco_anomaly_detection\splicing_connectors\test\logical_anomalies\097.png,2.76715087890625,2.5688834190368652,1
splicing_connectors,logical_anomalies,D:\patchcore\data\mvtec_loco_anomaly_detection\splicing_connectors\test\logical_anomalies\098.png,2.509298324584961,2.315053939819336,1
splicing_connectors,logical_anomalies,D:\patchcore\data\mvtec_loco_anomaly_detection\splicing_connectors\test\logical_anomalies\099.png,2.9815406799316406,2.5851995944976807,1
splicing_connectors,logical_anomalies,D:\patchcore\data\mvtec_loco_anomaly_detection\splicing_connectors\test\logical_anomalies\100.png,3.1221885681152344,2.708834409713745,1
splicing_connectors,logical_anomalies,D:\patchcore\data\mvtec_loco_anomaly_detection\splicing_connectors\test\logical_anomalies\101.png,3.345569610595703,2.6576576232910156,1
splicing_connectors,logical_anomalies,D:\patchcore\data\mvtec_loco_anomaly_detection\splicing_connectors\test\logical_anomalies\102.png,3.5992164611816406,3.025815963745117,1
splicing_connectors,logical_anomalies,D:\patchcore\data\mvtec_loco_anomaly_detection\splicing_connectors\test\logical_anomalies\103.png,2.8437328338623047,2.678788900375366,1
splicing_connectors,logical_anomalies,D:\patchcore\data\mvtec_loco_anomaly_detection\splicing_connectors\test\logical_anomalies\104.png,3.149768829345703,2.4659125804901123,1
splicing_connectors,logical_anomalies,D:\patchcore\data\mvtec_loco_anomaly_detection\splicing_connectors\test\logical_anomalies\105.png,2.7065181732177734,2.2935574054718018,1
splicing_connectors,logical_anomalies,D:\patchcore\data\mvtec_loco_anomaly_detection\splicing_connectors\test\logical_anomalies\106.png,2.97544002532959,2.8067758083343506,1
splicing_connectors,logical_anomalies,D:\patchcore\data\mvtec_loco_anomaly_detection\splicing_connectors\test\logical_anomalies\107.png,2.535696029663086,2.12739634513855,1
splicing_connectors,structural_anomalies,D:\patchcore\data\mvtec_loco_anomaly_detection\splicing_connectors\test\structural_anomalies\000.png,3.0344161987304688,2.457801342010498,1
splicing_connectors,structural_anomalies,D:\patchcore\data\mvtec_loco_anomaly_detection\splicing_connectors\test\structural_anomalies\001.png,2.628570556640625,2.3035356998443604,1
splicing_connectors,structural_anomalies,D:\patchcore\data\mvtec_loco_anomaly_detection\splicing_connectors\test\structural_anomalies\002.png,3.43280029296875,3.0996921062469482,1
splicing_connectors,structural_anomalies,D:\patchcore\data\mvtec_loco_anomaly_detection\splicing_connectors\test\structural_anomalies\003.png,2.935884475708008,2.548656940460205,1
splicing_connectors,structural_anomalies,D:\patchcore\data\mvtec_loco_anomaly_detection\splicing_connectors\test\structural_anomalies\004.png,2.728971481323242,2.290217161178589,1
splicing_connectors,structural_anomalies,D:\patchcore\data\mvtec_loco_anomaly_detection\splicing_connectors\test\structural_anomalies\005.png,4.076801300048828,3.732192039489746,1
splicing_connectors,structural_anomalies,D:\patchcore\data\mvtec_loco_anomaly_detection\splicing_connectors\test\structural_anomalies\006.png,4.104877471923828,3.6265788078308105,1
splicing_connectors,structural_anomalies,D:\patchcore\data\mvtec_loco_anomaly_detection\splicing_connectors\test\structural_anomalies\007.png,3.2020416259765625,2.9809179306030273,1
splicing_connectors,structural_anomalies,D:\patchcore\data\mvtec_loco_anomaly_detection\splicing_connectors\test\structural_anomalies\008.png,3.2950439453125,3.0046300888061523,1
splicing_connectors,structural_anomalies,D:\patchcore\data\mvtec_loco_anomaly_detection\splicing_connectors\test\structural_anomalies\009.png,3.3039474487304688,2.994191884994507,1
splicing_connectors,structural_anomalies,D:\patchcore\data\mvtec_loco_anomaly_detection\splicing_connectors\test\structural_anomalies\010.png,4.524562835693359,4.026937961578369,1
splicing_connectors,structural_anomalies,D:\patchcore\data\mvtec_loco_anomaly_detection\splicing_connectors\test\structural_anomalies\011.png,4.09861946105957,3.509326457977295,1
splicing_connectors,structural_anomalies,D:\patchcore\data\mvtec_loco_anomaly_detection\splicing_connectors\test\structural_anomalies\012.png,2.535419464111328,2.1760125160217285,1
splicing_connectors,structural_anomalies,D:\patchcore\data\mvtec_loco_anomaly_detection\splicing_connectors\test\structural_anomalies\013.png,2.3413257598876953,2.20865535736084,1
splicing_connectors,structural_anomalies,D:\patchcore\data\mvtec_loco_anomaly_detection\splicing_connectors\test\structural_anomalies\014.png,3.3350791931152344,3.0912516117095947,1
splicing_connectors,structural_anomalies,D:\patchcore\data\mvtec_loco_anomaly_detection\splicing_connectors\test\structural_anomalies\015.png,4.049112319946289,3.5737483501434326,1
splicing_connectors,structural_anomalies,D:\patchcore\data\mvtec_loco_anomaly_detection\splicing_connectors\test\structural_anomalies\016.png,2.5592308044433594,2.2740063667297363,1
splicing_connectors,structural_anomalies,D:\patchcore\data\mvtec_loco_anomaly_detection\splicing_connectors\test\structural_anomalies\017.png,3.486635208129883,2.9513044357299805,1
splicing_connectors,structural_anomalies,D:\patchcore\data\mvtec_loco_anomaly_detection\splicing_connectors\test\structural_anomalies\018.png,2.7111215591430664,2.4753975868225098,1
splicing_connectors,structural_anomalies,D:\patchcore\data\mvtec_loco_anomaly_detection\splicing_connectors\test\structural_anomalies\019.png,3.1258010864257812,2.662231922149658,1
splicing_connectors,structural_anomalies,D:\patchcore\data\mvtec_loco_anomaly_detection\splicing_connectors\test\structural_anomalies\020.png,2.338528633117676,2.0639595985412598,1
splicing_connectors,structural_anomalies,D:\patchcore\data\mvtec_loco_anomaly_detection\splicing_connectors\test\structural_anomalies\021.png,2.4936141967773438,2.3693909645080566,1
splicing_connectors,structural_anomalies,D:\patchcore\data\mvtec_loco_anomaly_detection\splicing_connectors\test\structural_anomalies\022.png,2.2479286193847656,2.1020307540893555,1
splicing_connectors,structural_anomalies,D:\patchcore\data\mvtec_loco_anomaly_detection\splicing_connectors\test\structural_anomalies\023.png,3.7052440643310547,3.1433205604553223,1
splicing_connectors,structural_anomalies,D:\patchcore\data\mvtec_loco_anomaly_detection\splicing_connectors\test\structural_anomalies\024.png,2.9700164794921875,2.68235182762146,1
splicing_connectors,structural_anomalies,D:\patchcore\data\mvtec_loco_anomaly_detection\splicing_connectors\test\structural_anomalies\025.png,4.607185363769531,3.6183576583862305,1
splicing_connectors,structural_anomalies,D:\patchcore\data\mvtec_loco_anomaly_detection\splicing_connectors\test\structural_anomalies\026.png,3.0910778045654297,2.752113103866577,1
splicing_connectors,structural_anomalies,D:\patchcore\data\mvtec_loco_anomaly_detection\splicing_connectors\test\structural_anomalies\027.png,2.536937713623047,2.183041572570801,1
splicing_connectors,structural_anomalies,D:\patchcore\data\mvtec_loco_anomaly_detection\splicing_connectors\test\structural_anomalies\028.png,2.7945079803466797,2.4514589309692383,1
splicing_connectors,structural_anomalies,D:\patchcore\data\mvtec_loco_anomaly_detection\splicing_connectors\test\structural_anomalies\029.png,2.5735511779785156,2.2128610610961914,1
splicing_connectors,structural_anomalies,D:\patchcore\data\mvtec_loco_anomaly_detection\splicing_connectors\test\structural_anomalies\030.png,4.862812042236328,4.274414539337158,1
splicing_connectors,structural_anomalies,D:\patchcore\data\mvtec_loco_anomaly_detection\splicing_connectors\test\structural_anomalies\031.png,5.695945739746094,4.613934516906738,1
splicing_connectors,structural_anomalies,D:\patchcore\data\mvtec_loco_anomaly_detection\splicing_connectors\test\structural_anomalies\032.png,2.544523239135742,2.202950954437256,1
splicing_connectors,structural_anomalies,D:\patchcore\data\mvtec_loco_anomaly_detection\splicing_connectors\test\structural_anomalies\033.png,2.937744140625,2.580471992492676,1
splicing_connectors,structural_anomalies,D:\patchcore\data\mvtec_loco_anomaly_detection\splicing_connectors\test\structural_anomalies\034.png,3.4608154296875,3.1505208015441895,1
splicing_connectors,structural_anomalies,D:\patchcore\data\mvtec_loco_anomaly_detection\splicing_connectors\test\structural_anomalies\035.png,4.474153518676758,4.162487030029297,1
splicing_connectors,structural_anomalies,D:\patchcore\data\mvtec_loco_anomaly_detection\splicing_connectors\test\structural_anomalies\036.png,4.035516738891602,3.6138627529144287,1
splicing_connectors,structural_anomalies,D:\patchcore\data\mvtec_loco_anomaly_detection\splicing_connectors\test\structural_anomalies\037.png,3.6261234283447266,3.0049970149993896,1
splicing_connectors,structural_anomalies,D:\patchcore\data\mvtec_loco_anomaly_detection\splicing_connectors\test\structural_anomalies\038.png,3.8381481170654297,3.47125244140625,1
splicing_connectors,structural_anomalies,D:\patchcore\data\mvtec_loco_anomaly_detection\splicing_connectors\test\structural_anomalies\039.png,3.5236339569091797,3.176140308380127,1
splicing_connectors,structural_anomalies,D:\patchcore\data\mvtec_loco_anomaly_detection\splicing_connectors\test\structural_anomalies\040.png,3.6649169921875,3.177415132522583,1
splicing_connectors,structural_anomalies,D:\patchcore\data\mvtec_loco_anomaly_detection\splicing_connectors\test\structural_anomalies\041.png,3.6411285400390625,3.0910563468933105,1
splicing_connectors,structural_anomalies,D:\patchcore\data\mvtec_loco_anomaly_detection\splicing_connectors\test\structural_anomalies\042.png,3.979188919067383,3.604327440261841,1
splicing_connectors,structural_anomalies,D:\patchcore\data\mvtec_loco_anomaly_detection\splicing_connectors\test\structural_anomalies\043.png,4.344503402709961,3.7978100776672363,1
splicing_connectors,structural_anomalies,D:\patchcore\data\mvtec_loco_anomaly_detection\splicing_connectors\test\structural_anomalies\044.png,2.91326904296875,2.4887912273406982,1
splicing_connectors,structural_anomalies,D:\patchcore\data\mvtec_loco_anomaly_detection\splicing_connectors\test\structural_anomalies\045.png,6.112997055053711,5.325830936431885,1
splicing_connectors,structural_anomalies,D:\patchcore\data\mvtec_loco_anomaly_detection\splicing_connectors\test\structural_anomalies\046.png,12.379871368408203,11.644010543823242,1
splicing_connectors,structural_anomalies,D:\patchcore\data\mvtec_loco_anomaly_detection\splicing_connectors\test\structural_anomalies\047.png,8.616159439086914,8.12734603881836,1
splicing_connectors,structural_anomalies,D:\patchcore\data\mvtec_loco_anomaly_detection\splicing_connectors\test\structural_anomalies\048.png,8.34429931640625,8.078970909118652,1
splicing_connectors,structural_anomalies,D:\patchcore\data\mvtec_loco_anomaly_detection\splicing_connectors\test\structural_anomalies\049.png,9.220941543579102,8.758095741271973,1
splicing_connectors,structural_anomalies,D:\patchcore\data\mvtec_loco_anomaly_detection\splicing_connectors\test\structural_anomalies\050.png,8.988813400268555,8.418490409851074,1
splicing_connectors,structural_anomalies,D:\patchcore\data\mvtec_loco_anomaly_detection\splicing_connectors\test\structural_anomalies\051.png,4.703861236572266,4.114040374755859,1
splicing_connectors,structural_anomalies,D:\patchcore\data\mvtec_loco_anomaly_detection\splicing_connectors\test\structural_anomalies\052.png,11.7342529296875,10.551100730895996,1
splicing_connectors,structural_anomalies,D:\patchcore\data\mvtec_loco_anomaly_detection\splicing_connectors\test\structural_anomalies\053.png,6.495281219482422,5.400177001953125,1
splicing_connectors,structural_anomalies,D:\patchcore\data\mvtec_loco_anomaly_detection\splicing_connectors\test\structural_anomalies\054.png,4.85285758972168,4.180048942565918,1
splicing_connectors,structural_anomalies,D:\patchcore\data\mvtec_loco_anomaly_detection\splicing_connectors\test\structural_anomalies\055.png,2.658426284790039,2.4195525646209717,1
splicing_connectors,structural_anomalies,D:\patchcore\data\mvtec_loco_anomaly_detection\splicing_connectors\test\structural_anomalies\056.png,2.8841819763183594,2.403463125228882,1
splicing_connectors,structural_anomalies,D:\patchcore\data\mvtec_loco_anomaly_detection\splicing_connectors\test\structural_anomalies\057.png,2.812986373901367,2.5549283027648926,1
splicing_connectors,structural_anomalies,D:\patchcore\data\mvtec_loco_anomaly_detection\splicing_connectors\test\structural_anomalies\058.png,7.600837707519531,7.208760738372803,1
splicing_connectors,structural_anomalies,D:\patchcore\data\mvtec_loco_anomaly_detection\splicing_connectors\test\structural_anomalies\059.png,2.517698287963867,2.29917573928833,1
splicing_connectors,structural_anomalies,D:\patchcore\data\mvtec_loco_anomaly_detection\splicing_connectors\test\structural_anomalies\060.png,2.987455368041992,2.5729596614837646,1
splicing_connectors,structural_anomalies,D:\patchcore\data\mvtec_loco_anomaly_detection\splicing_connectors\test\structural_anomalies\061.png,3.0573272705078125,2.6738836765289307,1
splicing_connectors,structural_anomalies,D:\patchcore\data\mvtec_loco_anomaly_detection\splicing_connectors\test\structural_anomalies\062.png,2.8075599670410156,2.357787609100342,1
splicing_connectors,structural_anomalies,D:\patchcore\data\mvtec_loco_anomaly_detection\splicing_connectors\test\structural_anomalies\063.png,2.8270492553710938,2.390087366104126,1
splicing_connectors,structural_anomalies,D:\patchcore\data\mvtec_loco_anomaly_detection\splicing_connectors\test\structural_anomalies\064.png,4.428556442260742,3.6641221046447754,1
splicing_connectors,structural_anomalies,D:\patchcore\data\mvtec_loco_anomaly_detection\splicing_connectors\test\structural_anomalies\065.png,2.8235111236572266,2.5440855026245117,1
splicing_connectors,structural_anomalies,D:\patchcore\data\mvtec_loco_anomaly_detection\splicing_connectors\test\structural_anomalies\066.png,2.747621536254883,2.1516101360321045,1
splicing_connectors,structural_anomalies,D:\patchcore\data\mvtec_loco_anomaly_detection\splicing_connectors\test\structural_anomalies\067.png,4.8571014404296875,4.451483726501465,1
splicing_connectors,structural_anomalies,D:\patchcore\data\mvtec_loco_anomaly_detection\splicing_connectors\test\structural_anomalies\068.png,5.547382354736328,5.135403156280518,1
splicing_connectors,structural_anomalies,D:\patchcore\data\mvtec_loco_anomaly_detection\splicing_connectors\test\structural_anomalies\069.png,4.284717559814453,4.066143989562988,1
splicing_connectors,structural_anomalies,D:\patchcore\data\mvtec_loco_anomaly_detection\splicing_connectors\test\structural_anomalies\070.png,5.681919097900391,5.197518348693848,1
splicing_connectors,structural_anomalies,D:\patchcore\data\mvtec_loco_anomaly_detection\splicing_connectors\test\structural_anomalies\071.png,4.607175827026367,4.164595127105713,1
splicing_connectors,structural_anomalies,D:\patchcore\data\mvtec_loco_anomaly_detection\splicing_connectors\test\structural_anomalies\072.png,5.420654296875,4.934439182281494,1
splicing_connectors,structural_anomalies,D:\patchcore\data\mvtec_loco_anomaly_detection\splicing_connectors\test\structural_anomalies\073.png,3.128459930419922,2.946824789047241,1
splicing_connectors,structural_anomalies,D:\patchcore\data\mvtec_loco_anomaly_detection\splicing_connectors\test\structural_anomalies\074.png,4.962438583374023,4.30892276763916,1
splicing_connectors,structural_anomalies,D:\patchcore\data\mvtec_loco_anomaly_detection\splicing_connectors\test\structural_anomalies\075.png,2.4543285369873047,2.232990264892578,1
splicing_connectors,structural_anomalies,D:\patchcore\data\mvtec_loco_anomaly_detection\splicing_connectors\test\structural_anomalies\076.png,3.939136505126953,3.431997299194336,1
splicing_connectors,structural_anomalies,D:\patchcore\data\mvtec_loco_anomaly_detection\splicing_connectors\test\structural_anomalies\077.png,2.4628801345825195,2.18039870262146,1
splicing_connectors,structural_anomalies,D:\patchcore\data\mvtec_loco_anomaly_detection\splicing_connectors\test\structural_anomalies\078.png,6.550624847412109,5.913931846618652,1
splicing_connectors,structural_anomalies,D:\patchcore\data\mvtec_loco_anomaly_detection\splicing_connectors\test\structural_anomalies\079.png,2.7855701446533203,2.2708141803741455,1
splicing_connectors,structural_anomalies,D:\patchcore\data\mvtec_loco_anomaly_detection\splicing_connectors\test\structural_anomalies\080.png,3.754180908203125,3.1284773349761963,1
splicing_connectors,structural_anomalies,D:\patchcore\data\mvtec_loco_anomaly_detection\splicing_connectors\test\structural_anomalies\081.png,2.982471466064453,2.5573959350585938,1
splicing_connectors,structural_anomalies,D:\patchcore\data\mvtec_loco_anomaly_detection\splicing_connectors\test\structural_anomalies\082.png,3.1657886505126953,2.8820252418518066,1
splicing_connectors,structural_anomalies,D:\patchcore\data\mvtec_loco_anomaly_detection\splicing_connectors\test\structural_anomalies\083.png,3.3016128540039062,2.7292370796203613,1
splicing_connectors,structural_anomalies,D:\patchcore\data\mvtec_loco_anomaly_detection\splicing_connectors\test\structural_anomalies\084.png,5.2264404296875,4.310213088989258,1
